case_id,model_id,model_revision,selected_layer,row,B,L,component,boundary,Q_S,Q_R,RI,tile_evaluations,matrix_N_K_per_copy,copies,valid_resident_bytes,allocated_tile_bytes,resident_tiles,operator_shared_input_overlap_removed,initial_KV_tokens,final_KV_tokens,initial_valid_resident_bytes,appended_tokens,append,directory,results_path,results_sha256,delivery_revision,delivery_sha256,json_pointer
qwen35_2b/qkv_projection/one_token,qwen35_2b,15852e8c16360a2fea060d615a32b45270f8a8fc,3,qkv_projection,,,total,ports,81920,0,∞,640,,,10485760,10485760,640,6144,,,,,,table_IIb/01_qkv_projection,table_IIb/01_qkv_projection/data/results.json,c342f0781f396df3d18d6bfcc94bdef95c3846f9985a8ca0e038297f0ef69a27,2,6377df5399a9a6333fa9a7374c93047504437936cac7d1b596046aba82eb1297,/cases/0/result/ports
qwen35_2b/qkv_projection/one_token,qwen35_2b,15852e8c16360a2fea060d615a32b45270f8a8fc,3,qkv_projection,,,total,operator,2048,0,∞,,,,10485760,10485760,640,6144,,,,,,table_IIb/01_qkv_projection,table_IIb/01_qkv_projection/data/results.json,c342f0781f396df3d18d6bfcc94bdef95c3846f9985a8ca0e038297f0ef69a27,2,6377df5399a9a6333fa9a7374c93047504437936cac7d1b596046aba82eb1297,/cases/0/result/operator
qwen35_2b/qkv_projection/one_token,qwen35_2b,15852e8c16360a2fea060d615a32b45270f8a8fc,3,qkv_projection,,,Q,ports,32768,0,∞,256,"[2048,2048]",1,4194304,4194304,256,,,,,,,table_IIb/01_qkv_projection,table_IIb/01_qkv_projection/data/results.json,c342f0781f396df3d18d6bfcc94bdef95c3846f9985a8ca0e038297f0ef69a27,2,6377df5399a9a6333fa9a7374c93047504437936cac7d1b596046aba82eb1297,/cases/0/result/parts/Q/ports
qwen35_2b/qkv_projection/one_token,qwen35_2b,15852e8c16360a2fea060d615a32b45270f8a8fc,3,qkv_projection,,,Q,operator,2048,0,∞,,"[2048,2048]",1,4194304,4194304,256,,,,,,,table_IIb/01_qkv_projection,table_IIb/01_qkv_projection/data/results.json,c342f0781f396df3d18d6bfcc94bdef95c3846f9985a8ca0e038297f0ef69a27,2,6377df5399a9a6333fa9a7374c93047504437936cac7d1b596046aba82eb1297,/cases/0/result/parts/Q/operator
qwen35_2b/qkv_projection/one_token,qwen35_2b,15852e8c16360a2fea060d615a32b45270f8a8fc,3,qkv_projection,,,G,ports,32768,0,∞,256,"[2048,2048]",1,4194304,4194304,256,,,,,,,table_IIb/01_qkv_projection,table_IIb/01_qkv_projection/data/results.json,c342f0781f396df3d18d6bfcc94bdef95c3846f9985a8ca0e038297f0ef69a27,2,6377df5399a9a6333fa9a7374c93047504437936cac7d1b596046aba82eb1297,/cases/0/result/parts/G/ports
qwen35_2b/qkv_projection/one_token,qwen35_2b,15852e8c16360a2fea060d615a32b45270f8a8fc,3,qkv_projection,,,G,operator,2048,0,∞,,"[2048,2048]",1,4194304,4194304,256,,,,,,,table_IIb/01_qkv_projection,table_IIb/01_qkv_projection/data/results.json,c342f0781f396df3d18d6bfcc94bdef95c3846f9985a8ca0e038297f0ef69a27,2,6377df5399a9a6333fa9a7374c93047504437936cac7d1b596046aba82eb1297,/cases/0/result/parts/G/operator
qwen35_2b/qkv_projection/one_token,qwen35_2b,15852e8c16360a2fea060d615a32b45270f8a8fc,3,qkv_projection,,,K,ports,8192,0,∞,64,"[512,2048]",1,1048576,1048576,64,,,,,,,table_IIb/01_qkv_projection,table_IIb/01_qkv_projection/data/results.json,c342f0781f396df3d18d6bfcc94bdef95c3846f9985a8ca0e038297f0ef69a27,2,6377df5399a9a6333fa9a7374c93047504437936cac7d1b596046aba82eb1297,/cases/0/result/parts/K/ports
qwen35_2b/qkv_projection/one_token,qwen35_2b,15852e8c16360a2fea060d615a32b45270f8a8fc,3,qkv_projection,,,K,operator,2048,0,∞,,"[512,2048]",1,1048576,1048576,64,,,,,,,table_IIb/01_qkv_projection,table_IIb/01_qkv_projection/data/results.json,c342f0781f396df3d18d6bfcc94bdef95c3846f9985a8ca0e038297f0ef69a27,2,6377df5399a9a6333fa9a7374c93047504437936cac7d1b596046aba82eb1297,/cases/0/result/parts/K/operator
qwen35_2b/qkv_projection/one_token,qwen35_2b,15852e8c16360a2fea060d615a32b45270f8a8fc,3,qkv_projection,,,V,ports,8192,0,∞,64,"[512,2048]",1,1048576,1048576,64,,,,,,,table_IIb/01_qkv_projection,table_IIb/01_qkv_projection/data/results.json,c342f0781f396df3d18d6bfcc94bdef95c3846f9985a8ca0e038297f0ef69a27,2,6377df5399a9a6333fa9a7374c93047504437936cac7d1b596046aba82eb1297,/cases/0/result/parts/V/ports
qwen35_2b/qkv_projection/one_token,qwen35_2b,15852e8c16360a2fea060d615a32b45270f8a8fc,3,qkv_projection,,,V,operator,2048,0,∞,,"[512,2048]",1,1048576,1048576,64,,,,,,,table_IIb/01_qkv_projection,table_IIb/01_qkv_projection/data/results.json,c342f0781f396df3d18d6bfcc94bdef95c3846f9985a8ca0e038297f0ef69a27,2,6377df5399a9a6333fa9a7374c93047504437936cac7d1b596046aba82eb1297,/cases/0/result/parts/V/operator
qwen35_2b/ffn_or_moe/8,qwen35_2b,15852e8c16360a2fea060d615a32b45270f8a8fc,3,ffn_or_moe,8,,total,ports,2359296,37748736,1/16,18432,,,37748736,37748736,2304,16384,,,,,,table_IIb/02_ffn_moe,table_IIb/02_ffn_moe/data/results.json,5fc920987cd169108e39c72b5c844d0217b504dedffb8f9fbfce8f0ce40a4e8b,2,de42185a100e94d874030d7df9728cfb0a3787f0f59e9b57c02a9b05b03b7aaf,/cases/0/result/ports
qwen35_2b/ffn_or_moe/8,qwen35_2b,15852e8c16360a2fea060d615a32b45270f8a8fc,3,ffn_or_moe,8,,total,operator,65536,37748736,1/576,,,,37748736,37748736,2304,16384,,,,,,table_IIb/02_ffn_moe,table_IIb/02_ffn_moe/data/results.json,5fc920987cd169108e39c72b5c844d0217b504dedffb8f9fbfce8f0ce40a4e8b,2,de42185a100e94d874030d7df9728cfb0a3787f0f59e9b57c02a9b05b03b7aaf,/cases/0/result/operator
qwen35_2b/ffn_or_moe/8,qwen35_2b,15852e8c16360a2fea060d615a32b45270f8a8fc,3,ffn_or_moe,8,,gate,ports,786432,12582912,1/16,6144,"[6144,2048]",1,12582912,12582912,768,,,,,,,table_IIb/02_ffn_moe,table_IIb/02_ffn_moe/data/results.json,5fc920987cd169108e39c72b5c844d0217b504dedffb8f9fbfce8f0ce40a4e8b,2,de42185a100e94d874030d7df9728cfb0a3787f0f59e9b57c02a9b05b03b7aaf,/cases/0/result/parts/gate/ports
qwen35_2b/ffn_or_moe/8,qwen35_2b,15852e8c16360a2fea060d615a32b45270f8a8fc,3,ffn_or_moe,8,,gate,operator,16384,12582912,1/768,,"[6144,2048]",1,12582912,12582912,768,,,,,,,table_IIb/02_ffn_moe,table_IIb/02_ffn_moe/data/results.json,5fc920987cd169108e39c72b5c844d0217b504dedffb8f9fbfce8f0ce40a4e8b,2,de42185a100e94d874030d7df9728cfb0a3787f0f59e9b57c02a9b05b03b7aaf,/cases/0/result/parts/gate/operator
qwen35_2b/ffn_or_moe/8,qwen35_2b,15852e8c16360a2fea060d615a32b45270f8a8fc,3,ffn_or_moe,8,,up,ports,786432,12582912,1/16,6144,"[6144,2048]",1,12582912,12582912,768,,,,,,,table_IIb/02_ffn_moe,table_IIb/02_ffn_moe/data/results.json,5fc920987cd169108e39c72b5c844d0217b504dedffb8f9fbfce8f0ce40a4e8b,2,de42185a100e94d874030d7df9728cfb0a3787f0f59e9b57c02a9b05b03b7aaf,/cases/0/result/parts/up/ports
qwen35_2b/ffn_or_moe/8,qwen35_2b,15852e8c16360a2fea060d615a32b45270f8a8fc,3,ffn_or_moe,8,,up,operator,16384,12582912,1/768,,"[6144,2048]",1,12582912,12582912,768,,,,,,,table_IIb/02_ffn_moe,table_IIb/02_ffn_moe/data/results.json,5fc920987cd169108e39c72b5c844d0217b504dedffb8f9fbfce8f0ce40a4e8b,2,de42185a100e94d874030d7df9728cfb0a3787f0f59e9b57c02a9b05b03b7aaf,/cases/0/result/parts/up/operator
qwen35_2b/ffn_or_moe/8,qwen35_2b,15852e8c16360a2fea060d615a32b45270f8a8fc,3,ffn_or_moe,8,,down,ports,786432,12582912,1/16,6144,"[2048,6144]",1,12582912,12582912,768,,,,,,,table_IIb/02_ffn_moe,table_IIb/02_ffn_moe/data/results.json,5fc920987cd169108e39c72b5c844d0217b504dedffb8f9fbfce8f0ce40a4e8b,2,de42185a100e94d874030d7df9728cfb0a3787f0f59e9b57c02a9b05b03b7aaf,/cases/0/result/parts/down/ports
qwen35_2b/ffn_or_moe/8,qwen35_2b,15852e8c16360a2fea060d615a32b45270f8a8fc,3,ffn_or_moe,8,,down,operator,49152,12582912,1/256,,"[2048,6144]",1,12582912,12582912,768,,,,,,,table_IIb/02_ffn_moe,table_IIb/02_ffn_moe/data/results.json,5fc920987cd169108e39c72b5c844d0217b504dedffb8f9fbfce8f0ce40a4e8b,2,de42185a100e94d874030d7df9728cfb0a3787f0f59e9b57c02a9b05b03b7aaf,/cases/0/result/parts/down/operator
qwen35_2b/ffn_or_moe/64,qwen35_2b,15852e8c16360a2fea060d615a32b45270f8a8fc,3,ffn_or_moe,64,,total,ports,18874368,37748736,1/2,147456,,,37748736,37748736,2304,131072,,,,,,table_IIb/02_ffn_moe,table_IIb/02_ffn_moe/data/results.json,5fc920987cd169108e39c72b5c844d0217b504dedffb8f9fbfce8f0ce40a4e8b,2,de42185a100e94d874030d7df9728cfb0a3787f0f59e9b57c02a9b05b03b7aaf,/cases/1/result/ports
qwen35_2b/ffn_or_moe/64,qwen35_2b,15852e8c16360a2fea060d615a32b45270f8a8fc,3,ffn_or_moe,64,,total,operator,524288,37748736,1/72,,,,37748736,37748736,2304,131072,,,,,,table_IIb/02_ffn_moe,table_IIb/02_ffn_moe/data/results.json,5fc920987cd169108e39c72b5c844d0217b504dedffb8f9fbfce8f0ce40a4e8b,2,de42185a100e94d874030d7df9728cfb0a3787f0f59e9b57c02a9b05b03b7aaf,/cases/1/result/operator
qwen35_2b/ffn_or_moe/64,qwen35_2b,15852e8c16360a2fea060d615a32b45270f8a8fc,3,ffn_or_moe,64,,gate,ports,6291456,12582912,1/2,49152,"[6144,2048]",1,12582912,12582912,768,,,,,,,table_IIb/02_ffn_moe,table_IIb/02_ffn_moe/data/results.json,5fc920987cd169108e39c72b5c844d0217b504dedffb8f9fbfce8f0ce40a4e8b,2,de42185a100e94d874030d7df9728cfb0a3787f0f59e9b57c02a9b05b03b7aaf,/cases/1/result/parts/gate/ports
qwen35_2b/ffn_or_moe/64,qwen35_2b,15852e8c16360a2fea060d615a32b45270f8a8fc,3,ffn_or_moe,64,,gate,operator,131072,12582912,1/96,,"[6144,2048]",1,12582912,12582912,768,,,,,,,table_IIb/02_ffn_moe,table_IIb/02_ffn_moe/data/results.json,5fc920987cd169108e39c72b5c844d0217b504dedffb8f9fbfce8f0ce40a4e8b,2,de42185a100e94d874030d7df9728cfb0a3787f0f59e9b57c02a9b05b03b7aaf,/cases/1/result/parts/gate/operator
qwen35_2b/ffn_or_moe/64,qwen35_2b,15852e8c16360a2fea060d615a32b45270f8a8fc,3,ffn_or_moe,64,,up,ports,6291456,12582912,1/2,49152,"[6144,2048]",1,12582912,12582912,768,,,,,,,table_IIb/02_ffn_moe,table_IIb/02_ffn_moe/data/results.json,5fc920987cd169108e39c72b5c844d0217b504dedffb8f9fbfce8f0ce40a4e8b,2,de42185a100e94d874030d7df9728cfb0a3787f0f59e9b57c02a9b05b03b7aaf,/cases/1/result/parts/up/ports
qwen35_2b/ffn_or_moe/64,qwen35_2b,15852e8c16360a2fea060d615a32b45270f8a8fc,3,ffn_or_moe,64,,up,operator,131072,12582912,1/96,,"[6144,2048]",1,12582912,12582912,768,,,,,,,table_IIb/02_ffn_moe,table_IIb/02_ffn_moe/data/results.json,5fc920987cd169108e39c72b5c844d0217b504dedffb8f9fbfce8f0ce40a4e8b,2,de42185a100e94d874030d7df9728cfb0a3787f0f59e9b57c02a9b05b03b7aaf,/cases/1/result/parts/up/operator
qwen35_2b/ffn_or_moe/64,qwen35_2b,15852e8c16360a2fea060d615a32b45270f8a8fc,3,ffn_or_moe,64,,down,ports,6291456,12582912,1/2,49152,"[2048,6144]",1,12582912,12582912,768,,,,,,,table_IIb/02_ffn_moe,table_IIb/02_ffn_moe/data/results.json,5fc920987cd169108e39c72b5c844d0217b504dedffb8f9fbfce8f0ce40a4e8b,2,de42185a100e94d874030d7df9728cfb0a3787f0f59e9b57c02a9b05b03b7aaf,/cases/1/result/parts/down/ports
qwen35_2b/ffn_or_moe/64,qwen35_2b,15852e8c16360a2fea060d615a32b45270f8a8fc,3,ffn_or_moe,64,,down,operator,393216,12582912,1/32,,"[2048,6144]",1,12582912,12582912,768,,,,,,,table_IIb/02_ffn_moe,table_IIb/02_ffn_moe/data/results.json,5fc920987cd169108e39c72b5c844d0217b504dedffb8f9fbfce8f0ce40a4e8b,2,de42185a100e94d874030d7df9728cfb0a3787f0f59e9b57c02a9b05b03b7aaf,/cases/1/result/parts/down/operator
qwen35_2b/ffn_or_moe/512,qwen35_2b,15852e8c16360a2fea060d615a32b45270f8a8fc,3,ffn_or_moe,512,,total,ports,150994944,37748736,4,1179648,,,37748736,37748736,2304,1048576,,,,,,table_IIb/02_ffn_moe,table_IIb/02_ffn_moe/data/results.json,5fc920987cd169108e39c72b5c844d0217b504dedffb8f9fbfce8f0ce40a4e8b,2,de42185a100e94d874030d7df9728cfb0a3787f0f59e9b57c02a9b05b03b7aaf,/cases/2/result/ports
qwen35_2b/ffn_or_moe/512,qwen35_2b,15852e8c16360a2fea060d615a32b45270f8a8fc,3,ffn_or_moe,512,,total,operator,4194304,37748736,1/9,,,,37748736,37748736,2304,1048576,,,,,,table_IIb/02_ffn_moe,table_IIb/02_ffn_moe/data/results.json,5fc920987cd169108e39c72b5c844d0217b504dedffb8f9fbfce8f0ce40a4e8b,2,de42185a100e94d874030d7df9728cfb0a3787f0f59e9b57c02a9b05b03b7aaf,/cases/2/result/operator
qwen35_2b/ffn_or_moe/512,qwen35_2b,15852e8c16360a2fea060d615a32b45270f8a8fc,3,ffn_or_moe,512,,gate,ports,50331648,12582912,4,393216,"[6144,2048]",1,12582912,12582912,768,,,,,,,table_IIb/02_ffn_moe,table_IIb/02_ffn_moe/data/results.json,5fc920987cd169108e39c72b5c844d0217b504dedffb8f9fbfce8f0ce40a4e8b,2,de42185a100e94d874030d7df9728cfb0a3787f0f59e9b57c02a9b05b03b7aaf,/cases/2/result/parts/gate/ports
qwen35_2b/ffn_or_moe/512,qwen35_2b,15852e8c16360a2fea060d615a32b45270f8a8fc,3,ffn_or_moe,512,,gate,operator,1048576,12582912,1/12,,"[6144,2048]",1,12582912,12582912,768,,,,,,,table_IIb/02_ffn_moe,table_IIb/02_ffn_moe/data/results.json,5fc920987cd169108e39c72b5c844d0217b504dedffb8f9fbfce8f0ce40a4e8b,2,de42185a100e94d874030d7df9728cfb0a3787f0f59e9b57c02a9b05b03b7aaf,/cases/2/result/parts/gate/operator
qwen35_2b/ffn_or_moe/512,qwen35_2b,15852e8c16360a2fea060d615a32b45270f8a8fc,3,ffn_or_moe,512,,up,ports,50331648,12582912,4,393216,"[6144,2048]",1,12582912,12582912,768,,,,,,,table_IIb/02_ffn_moe,table_IIb/02_ffn_moe/data/results.json,5fc920987cd169108e39c72b5c844d0217b504dedffb8f9fbfce8f0ce40a4e8b,2,de42185a100e94d874030d7df9728cfb0a3787f0f59e9b57c02a9b05b03b7aaf,/cases/2/result/parts/up/ports
qwen35_2b/ffn_or_moe/512,qwen35_2b,15852e8c16360a2fea060d615a32b45270f8a8fc,3,ffn_or_moe,512,,up,operator,1048576,12582912,1/12,,"[6144,2048]",1,12582912,12582912,768,,,,,,,table_IIb/02_ffn_moe,table_IIb/02_ffn_moe/data/results.json,5fc920987cd169108e39c72b5c844d0217b504dedffb8f9fbfce8f0ce40a4e8b,2,de42185a100e94d874030d7df9728cfb0a3787f0f59e9b57c02a9b05b03b7aaf,/cases/2/result/parts/up/operator
qwen35_2b/ffn_or_moe/512,qwen35_2b,15852e8c16360a2fea060d615a32b45270f8a8fc,3,ffn_or_moe,512,,down,ports,50331648,12582912,4,393216,"[2048,6144]",1,12582912,12582912,768,,,,,,,table_IIb/02_ffn_moe,table_IIb/02_ffn_moe/data/results.json,5fc920987cd169108e39c72b5c844d0217b504dedffb8f9fbfce8f0ce40a4e8b,2,de42185a100e94d874030d7df9728cfb0a3787f0f59e9b57c02a9b05b03b7aaf,/cases/2/result/parts/down/ports
qwen35_2b/ffn_or_moe/512,qwen35_2b,15852e8c16360a2fea060d615a32b45270f8a8fc,3,ffn_or_moe,512,,down,operator,3145728,12582912,1/4,,"[2048,6144]",1,12582912,12582912,768,,,,,,,table_IIb/02_ffn_moe,table_IIb/02_ffn_moe/data/results.json,5fc920987cd169108e39c72b5c844d0217b504dedffb8f9fbfce8f0ce40a4e8b,2,de42185a100e94d874030d7df9728cfb0a3787f0f59e9b57c02a9b05b03b7aaf,/cases/2/result/parts/down/operator
qwen35_2b/attention_prefill/1024,qwen35_2b,15852e8c16360a2fea060d615a32b45270f8a8fc,3,attention_prefill,,1024,total,ports,17833984,1048576,2177/128,147456,,,1048576,1048576,64,0,0,1024,0,1024,,table_IIb/03_attention,table_IIb/03_attention/data/results.json,7f552ac50508897407e7856c96221a3a73e2ac28ff5629b512a9f35736875107,1,e0e1012922866def44382db5340c409bce49d90a85ab6f7642d96174d65e2cfa,/cases/0/result/ports
qwen35_2b/attention_prefill/1024,qwen35_2b,15852e8c16360a2fea060d615a32b45270f8a8fc,3,attention_prefill,,1024,total,operator,6295552,1048576,1537/256,,,,1048576,1048576,64,0,0,1024,0,1024,,table_IIb/03_attention,table_IIb/03_attention/data/results.json,7f552ac50508897407e7856c96221a3a73e2ac28ff5629b512a9f35736875107,1,e0e1012922866def44382db5340c409bce49d90a85ab6f7642d96174d65e2cfa,/cases/0/result/operator
qwen35_2b/attention_prefill/1024,qwen35_2b,15852e8c16360a2fea060d615a32b45270f8a8fc,3,attention_prefill,,1024,QK,ports,9437184,524288,18,73728,"[1024,256]",2,524288,524288,32,,,,,,"{""valid_slice_N_K_per_head_per_token"":[[1,128],[1,128]],""logical_slice_write_events"":4096,""events_are_not_device_write_transactions"":true,""per_token_logical_slice_write_events"":4,""valid_write_bytes_per_token"":512}",table_IIb/03_attention,table_IIb/03_attention/data/results.json,7f552ac50508897407e7856c96221a3a73e2ac28ff5629b512a9f35736875107,1,e0e1012922866def44382db5340c409bce49d90a85ab6f7642d96174d65e2cfa,/cases/0/result/parts/QK/ports
qwen35_2b/attention_prefill/1024,qwen35_2b,15852e8c16360a2fea060d615a32b45270f8a8fc,3,attention_prefill,,1024,QK,operator,2097152,524288,4,,"[1024,256]",2,524288,524288,32,,,,,,"{""valid_slice_N_K_per_head_per_token"":[[1,128],[1,128]],""logical_slice_write_events"":4096,""events_are_not_device_write_transactions"":true,""per_token_logical_slice_write_events"":4,""valid_write_bytes_per_token"":512}",table_IIb/03_attention,table_IIb/03_attention/data/results.json,7f552ac50508897407e7856c96221a3a73e2ac28ff5629b512a9f35736875107,1,e0e1012922866def44382db5340c409bce49d90a85ab6f7642d96174d65e2cfa,/cases/0/result/parts/QK/operator
qwen35_2b/attention_prefill/1024,qwen35_2b,15852e8c16360a2fea060d615a32b45270f8a8fc,3,attention_prefill,,1024,AV,ports,8396800,524288,1025/64,73728,"[256,1024]",2,524288,524288,32,,,,,,"{""valid_slice_N_K_per_head_per_token"":[[128,1],[128,1]],""logical_slice_write_events"":4096,""events_are_not_device_write_transactions"":true,""per_token_logical_slice_write_events"":4,""valid_write_bytes_per_token"":512}",table_IIb/03_attention,table_IIb/03_attention/data/results.json,7f552ac50508897407e7856c96221a3a73e2ac28ff5629b512a9f35736875107,1,e0e1012922866def44382db5340c409bce49d90a85ab6f7642d96174d65e2cfa,/cases/0/result/parts/AV/ports
qwen35_2b/attention_prefill/1024,qwen35_2b,15852e8c16360a2fea060d615a32b45270f8a8fc,3,attention_prefill,,1024,AV,operator,4198400,524288,1025/128,,"[256,1024]",2,524288,524288,32,,,,,,"{""valid_slice_N_K_per_head_per_token"":[[128,1],[128,1]],""logical_slice_write_events"":4096,""events_are_not_device_write_transactions"":true,""per_token_logical_slice_write_events"":4,""valid_write_bytes_per_token"":512}",table_IIb/03_attention,table_IIb/03_attention/data/results.json,7f552ac50508897407e7856c96221a3a73e2ac28ff5629b512a9f35736875107,1,e0e1012922866def44382db5340c409bce49d90a85ab6f7642d96174d65e2cfa,/cases/0/result/parts/AV/operator
qwen35_2b/attention_prefill/16384,qwen35_2b,15852e8c16360a2fea060d615a32b45270f8a8fc,3,attention_prefill,,16384,total,ports,4311875584,16777216,32897/128,33816576,,,16777216,16777216,1024,0,0,16384,0,16384,,table_IIb/03_attention,table_IIb/03_attention/data/results.json,7f552ac50508897407e7856c96221a3a73e2ac28ff5629b512a9f35736875107,1,e0e1012922866def44382db5340c409bce49d90a85ab6f7642d96174d65e2cfa,/cases/1/result/ports
qwen35_2b/attention_prefill/16384,qwen35_2b,15852e8c16360a2fea060d615a32b45270f8a8fc,3,attention_prefill,,16384,total,operator,1107361792,16777216,16897/256,,,,16777216,16777216,1024,0,0,16384,0,16384,,table_IIb/03_attention,table_IIb/03_attention/data/results.json,7f552ac50508897407e7856c96221a3a73e2ac28ff5629b512a9f35736875107,1,e0e1012922866def44382db5340c409bce49d90a85ab6f7642d96174d65e2cfa,/cases/1/result/operator
qwen35_2b/attention_prefill/16384,qwen35_2b,15852e8c16360a2fea060d615a32b45270f8a8fc,3,attention_prefill,,16384,QK,ports,2164260864,8388608,258,16908288,"[16384,256]",2,8388608,8388608,512,,,,,,"{""valid_slice_N_K_per_head_per_token"":[[1,128],[1,128]],""logical_slice_write_events"":65536,""events_are_not_device_write_transactions"":true,""per_token_logical_slice_write_events"":4,""valid_write_bytes_per_token"":512}",table_IIb/03_attention,table_IIb/03_attention/data/results.json,7f552ac50508897407e7856c96221a3a73e2ac28ff5629b512a9f35736875107,1,e0e1012922866def44382db5340c409bce49d90a85ab6f7642d96174d65e2cfa,/cases/1/result/parts/QK/ports
qwen35_2b/attention_prefill/16384,qwen35_2b,15852e8c16360a2fea060d615a32b45270f8a8fc,3,attention_prefill,,16384,QK,operator,33554432,8388608,4,,"[16384,256]",2,8388608,8388608,512,,,,,,"{""valid_slice_N_K_per_head_per_token"":[[1,128],[1,128]],""logical_slice_write_events"":65536,""events_are_not_device_write_transactions"":true,""per_token_logical_slice_write_events"":4,""valid_write_bytes_per_token"":512}",table_IIb/03_attention,table_IIb/03_attention/data/results.json,7f552ac50508897407e7856c96221a3a73e2ac28ff5629b512a9f35736875107,1,e0e1012922866def44382db5340c409bce49d90a85ab6f7642d96174d65e2cfa,/cases/1/result/parts/QK/operator
qwen35_2b/attention_prefill/16384,qwen35_2b,15852e8c16360a2fea060d615a32b45270f8a8fc,3,attention_prefill,,16384,AV,ports,2147614720,8388608,16385/64,16908288,"[256,16384]",2,8388608,8388608,512,,,,,,"{""valid_slice_N_K_per_head_per_token"":[[128,1],[128,1]],""logical_slice_write_events"":65536,""events_are_not_device_write_transactions"":true,""per_token_logical_slice_write_events"":4,""valid_write_bytes_per_token"":512}",table_IIb/03_attention,table_IIb/03_attention/data/results.json,7f552ac50508897407e7856c96221a3a73e2ac28ff5629b512a9f35736875107,1,e0e1012922866def44382db5340c409bce49d90a85ab6f7642d96174d65e2cfa,/cases/1/result/parts/AV/ports
qwen35_2b/attention_prefill/16384,qwen35_2b,15852e8c16360a2fea060d615a32b45270f8a8fc,3,attention_prefill,,16384,AV,operator,1073807360,8388608,16385/128,,"[256,16384]",2,8388608,8388608,512,,,,,,"{""valid_slice_N_K_per_head_per_token"":[[128,1],[128,1]],""logical_slice_write_events"":65536,""events_are_not_device_write_transactions"":true,""per_token_logical_slice_write_events"":4,""valid_write_bytes_per_token"":512}",table_IIb/03_attention,table_IIb/03_attention/data/results.json,7f552ac50508897407e7856c96221a3a73e2ac28ff5629b512a9f35736875107,1,e0e1012922866def44382db5340c409bce49d90a85ab6f7642d96174d65e2cfa,/cases/1/result/parts/AV/operator
qwen35_2b/attention_prefill/131072,qwen35_2b,15852e8c16360a2fea060d615a32b45270f8a8fc,3,attention_prefill,,131072,total,ports,275013173248,134217728,262273/128,2149580800,,,134217728,134217728,8192,0,0,131072,0,131072,,table_IIb/03_attention,table_IIb/03_attention/data/results.json,7f552ac50508897407e7856c96221a3a73e2ac28ff5629b512a9f35736875107,1,e0e1012922866def44382db5340c409bce49d90a85ab6f7642d96174d65e2cfa,/cases/2/result/ports
qwen35_2b/attention_prefill/131072,qwen35_2b,15852e8c16360a2fea060d615a32b45270f8a8fc,3,attention_prefill,,131072,total,operator,68988436480,134217728,131585/256,,,,134217728,134217728,8192,0,0,131072,0,131072,,table_IIb/03_attention,table_IIb/03_attention/data/results.json,7f552ac50508897407e7856c96221a3a73e2ac28ff5629b512a9f35736875107,1,e0e1012922866def44382db5340c409bce49d90a85ab6f7642d96174d65e2cfa,/cases/2/result/operator
qwen35_2b/attention_prefill/131072,qwen35_2b,15852e8c16360a2fea060d615a32b45270f8a8fc,3,attention_prefill,,131072,QK,ports,137573171200,67108864,2050,1074790400,"[131072,256]",2,67108864,67108864,4096,,,,,,"{""valid_slice_N_K_per_head_per_token"":[[1,128],[1,128]],""logical_slice_write_events"":524288,""events_are_not_device_write_transactions"":true,""per_token_logical_slice_write_events"":4,""valid_write_bytes_per_token"":512}",table_IIb/03_attention,table_IIb/03_attention/data/results.json,7f552ac50508897407e7856c96221a3a73e2ac28ff5629b512a9f35736875107,1,e0e1012922866def44382db5340c409bce49d90a85ab6f7642d96174d65e2cfa,/cases/2/result/parts/QK/ports
qwen35_2b/attention_prefill/131072,qwen35_2b,15852e8c16360a2fea060d615a32b45270f8a8fc,3,attention_prefill,,131072,QK,operator,268435456,67108864,4,,"[131072,256]",2,67108864,67108864,4096,,,,,,"{""valid_slice_N_K_per_head_per_token"":[[1,128],[1,128]],""logical_slice_write_events"":524288,""events_are_not_device_write_transactions"":true,""per_token_logical_slice_write_events"":4,""valid_write_bytes_per_token"":512}",table_IIb/03_attention,table_IIb/03_attention/data/results.json,7f552ac50508897407e7856c96221a3a73e2ac28ff5629b512a9f35736875107,1,e0e1012922866def44382db5340c409bce49d90a85ab6f7642d96174d65e2cfa,/cases/2/result/parts/QK/operator
qwen35_2b/attention_prefill/131072,qwen35_2b,15852e8c16360a2fea060d615a32b45270f8a8fc,3,attention_prefill,,131072,AV,ports,137440002048,67108864,131073/64,1074790400,"[256,131072]",2,67108864,67108864,4096,,,,,,"{""valid_slice_N_K_per_head_per_token"":[[128,1],[128,1]],""logical_slice_write_events"":524288,""events_are_not_device_write_transactions"":true,""per_token_logical_slice_write_events"":4,""valid_write_bytes_per_token"":512}",table_IIb/03_attention,table_IIb/03_attention/data/results.json,7f552ac50508897407e7856c96221a3a73e2ac28ff5629b512a9f35736875107,1,e0e1012922866def44382db5340c409bce49d90a85ab6f7642d96174d65e2cfa,/cases/2/result/parts/AV/ports
qwen35_2b/attention_prefill/131072,qwen35_2b,15852e8c16360a2fea060d615a32b45270f8a8fc,3,attention_prefill,,131072,AV,operator,68720001024,67108864,131073/128,,"[256,131072]",2,67108864,67108864,4096,,,,,,"{""valid_slice_N_K_per_head_per_token"":[[128,1],[128,1]],""logical_slice_write_events"":524288,""events_are_not_device_write_transactions"":true,""per_token_logical_slice_write_events"":4,""valid_write_bytes_per_token"":512}",table_IIb/03_attention,table_IIb/03_attention/data/results.json,7f552ac50508897407e7856c96221a3a73e2ac28ff5629b512a9f35736875107,1,e0e1012922866def44382db5340c409bce49d90a85ab6f7642d96174d65e2cfa,/cases/2/result/parts/AV/operator
qwen35_2b/attention_decode/1024,qwen35_2b,15852e8c16360a2fea060d615a32b45270f8a8fc,3,attention_decode,,1024,total,ports,32768,1024,32,256,,,1048576,1048576,64,0,1023,1024,1047552,1,,table_IIb/03_attention,table_IIb/03_attention/data/results.json,7f552ac50508897407e7856c96221a3a73e2ac28ff5629b512a9f35736875107,1,e0e1012922866def44382db5340c409bce49d90a85ab6f7642d96174d65e2cfa,/cases/3/result/ports
qwen35_2b/attention_decode/1024,qwen35_2b,15852e8c16360a2fea060d615a32b45270f8a8fc,3,attention_decode,,1024,total,operator,10240,1024,10,,,,1048576,1048576,64,0,1023,1024,1047552,1,,table_IIb/03_attention,table_IIb/03_attention/data/results.json,7f552ac50508897407e7856c96221a3a73e2ac28ff5629b512a9f35736875107,1,e0e1012922866def44382db5340c409bce49d90a85ab6f7642d96174d65e2cfa,/cases/3/result/operator
qwen35_2b/attention_decode/1024,qwen35_2b,15852e8c16360a2fea060d615a32b45270f8a8fc,3,attention_decode,,1024,QK,ports,16384,512,32,128,"[1024,256]",2,524288,524288,32,,,,,,"{""valid_slice_N_K_per_head_per_token"":[[1,128],[1,128]],""logical_slice_write_events"":4,""events_are_not_device_write_transactions"":true,""per_token_logical_slice_write_events"":4,""valid_write_bytes_per_token"":512}",table_IIb/03_attention,table_IIb/03_attention/data/results.json,7f552ac50508897407e7856c96221a3a73e2ac28ff5629b512a9f35736875107,1,e0e1012922866def44382db5340c409bce49d90a85ab6f7642d96174d65e2cfa,/cases/3/result/parts/QK/ports
qwen35_2b/attention_decode/1024,qwen35_2b,15852e8c16360a2fea060d615a32b45270f8a8fc,3,attention_decode,,1024,QK,operator,2048,512,4,,"[1024,256]",2,524288,524288,32,,,,,,"{""valid_slice_N_K_per_head_per_token"":[[1,128],[1,128]],""logical_slice_write_events"":4,""events_are_not_device_write_transactions"":true,""per_token_logical_slice_write_events"":4,""valid_write_bytes_per_token"":512}",table_IIb/03_attention,table_IIb/03_attention/data/results.json,7f552ac50508897407e7856c96221a3a73e2ac28ff5629b512a9f35736875107,1,e0e1012922866def44382db5340c409bce49d90a85ab6f7642d96174d65e2cfa,/cases/3/result/parts/QK/operator
qwen35_2b/attention_decode/1024,qwen35_2b,15852e8c16360a2fea060d615a32b45270f8a8fc,3,attention_decode,,1024,AV,ports,16384,512,32,128,"[256,1024]",2,524288,524288,32,,,,,,"{""valid_slice_N_K_per_head_per_token"":[[128,1],[128,1]],""logical_slice_write_events"":4,""events_are_not_device_write_transactions"":true,""per_token_logical_slice_write_events"":4,""valid_write_bytes_per_token"":512}",table_IIb/03_attention,table_IIb/03_attention/data/results.json,7f552ac50508897407e7856c96221a3a73e2ac28ff5629b512a9f35736875107,1,e0e1012922866def44382db5340c409bce49d90a85ab6f7642d96174d65e2cfa,/cases/3/result/parts/AV/ports
qwen35_2b/attention_decode/1024,qwen35_2b,15852e8c16360a2fea060d615a32b45270f8a8fc,3,attention_decode,,1024,AV,operator,8192,512,16,,"[256,1024]",2,524288,524288,32,,,,,,"{""valid_slice_N_K_per_head_per_token"":[[128,1],[128,1]],""logical_slice_write_events"":4,""events_are_not_device_write_transactions"":true,""per_token_logical_slice_write_events"":4,""valid_write_bytes_per_token"":512}",table_IIb/03_attention,table_IIb/03_attention/data/results.json,7f552ac50508897407e7856c96221a3a73e2ac28ff5629b512a9f35736875107,1,e0e1012922866def44382db5340c409bce49d90a85ab6f7642d96174d65e2cfa,/cases/3/result/parts/AV/operator
qwen35_2b/attention_decode/16384,qwen35_2b,15852e8c16360a2fea060d615a32b45270f8a8fc,3,attention_decode,,16384,total,ports,524288,1024,512,4096,,,16777216,16777216,1024,0,16383,16384,16776192,1,,table_IIb/03_attention,table_IIb/03_attention/data/results.json,7f552ac50508897407e7856c96221a3a73e2ac28ff5629b512a9f35736875107,1,e0e1012922866def44382db5340c409bce49d90a85ab6f7642d96174d65e2cfa,/cases/4/result/ports
qwen35_2b/attention_decode/16384,qwen35_2b,15852e8c16360a2fea060d615a32b45270f8a8fc,3,attention_decode,,16384,total,operator,133120,1024,130,,,,16777216,16777216,1024,0,16383,16384,16776192,1,,table_IIb/03_attention,table_IIb/03_attention/data/results.json,7f552ac50508897407e7856c96221a3a73e2ac28ff5629b512a9f35736875107,1,e0e1012922866def44382db5340c409bce49d90a85ab6f7642d96174d65e2cfa,/cases/4/result/operator
qwen35_2b/attention_decode/16384,qwen35_2b,15852e8c16360a2fea060d615a32b45270f8a8fc,3,attention_decode,,16384,QK,ports,262144,512,512,2048,"[16384,256]",2,8388608,8388608,512,,,,,,"{""valid_slice_N_K_per_head_per_token"":[[1,128],[1,128]],""logical_slice_write_events"":4,""events_are_not_device_write_transactions"":true,""per_token_logical_slice_write_events"":4,""valid_write_bytes_per_token"":512}",table_IIb/03_attention,table_IIb/03_attention/data/results.json,7f552ac50508897407e7856c96221a3a73e2ac28ff5629b512a9f35736875107,1,e0e1012922866def44382db5340c409bce49d90a85ab6f7642d96174d65e2cfa,/cases/4/result/parts/QK/ports
qwen35_2b/attention_decode/16384,qwen35_2b,15852e8c16360a2fea060d615a32b45270f8a8fc,3,attention_decode,,16384,QK,operator,2048,512,4,,"[16384,256]",2,8388608,8388608,512,,,,,,"{""valid_slice_N_K_per_head_per_token"":[[1,128],[1,128]],""logical_slice_write_events"":4,""events_are_not_device_write_transactions"":true,""per_token_logical_slice_write_events"":4,""valid_write_bytes_per_token"":512}",table_IIb/03_attention,table_IIb/03_attention/data/results.json,7f552ac50508897407e7856c96221a3a73e2ac28ff5629b512a9f35736875107,1,e0e1012922866def44382db5340c409bce49d90a85ab6f7642d96174d65e2cfa,/cases/4/result/parts/QK/operator
qwen35_2b/attention_decode/16384,qwen35_2b,15852e8c16360a2fea060d615a32b45270f8a8fc,3,attention_decode,,16384,AV,ports,262144,512,512,2048,"[256,16384]",2,8388608,8388608,512,,,,,,"{""valid_slice_N_K_per_head_per_token"":[[128,1],[128,1]],""logical_slice_write_events"":4,""events_are_not_device_write_transactions"":true,""per_token_logical_slice_write_events"":4,""valid_write_bytes_per_token"":512}",table_IIb/03_attention,table_IIb/03_attention/data/results.json,7f552ac50508897407e7856c96221a3a73e2ac28ff5629b512a9f35736875107,1,e0e1012922866def44382db5340c409bce49d90a85ab6f7642d96174d65e2cfa,/cases/4/result/parts/AV/ports
qwen35_2b/attention_decode/16384,qwen35_2b,15852e8c16360a2fea060d615a32b45270f8a8fc,3,attention_decode,,16384,AV,operator,131072,512,256,,"[256,16384]",2,8388608,8388608,512,,,,,,"{""valid_slice_N_K_per_head_per_token"":[[128,1],[128,1]],""logical_slice_write_events"":4,""events_are_not_device_write_transactions"":true,""per_token_logical_slice_write_events"":4,""valid_write_bytes_per_token"":512}",table_IIb/03_attention,table_IIb/03_attention/data/results.json,7f552ac50508897407e7856c96221a3a73e2ac28ff5629b512a9f35736875107,1,e0e1012922866def44382db5340c409bce49d90a85ab6f7642d96174d65e2cfa,/cases/4/result/parts/AV/operator
qwen35_2b/attention_decode/131072,qwen35_2b,15852e8c16360a2fea060d615a32b45270f8a8fc,3,attention_decode,,131072,total,ports,4194304,1024,4096,32768,,,134217728,134217728,8192,0,131071,131072,134216704,1,,table_IIb/03_attention,table_IIb/03_attention/data/results.json,7f552ac50508897407e7856c96221a3a73e2ac28ff5629b512a9f35736875107,1,e0e1012922866def44382db5340c409bce49d90a85ab6f7642d96174d65e2cfa,/cases/5/result/ports
qwen35_2b/attention_decode/131072,qwen35_2b,15852e8c16360a2fea060d615a32b45270f8a8fc,3,attention_decode,,131072,total,operator,1050624,1024,1026,,,,134217728,134217728,8192,0,131071,131072,134216704,1,,table_IIb/03_attention,table_IIb/03_attention/data/results.json,7f552ac50508897407e7856c96221a3a73e2ac28ff5629b512a9f35736875107,1,e0e1012922866def44382db5340c409bce49d90a85ab6f7642d96174d65e2cfa,/cases/5/result/operator
qwen35_2b/attention_decode/131072,qwen35_2b,15852e8c16360a2fea060d615a32b45270f8a8fc,3,attention_decode,,131072,QK,ports,2097152,512,4096,16384,"[131072,256]",2,67108864,67108864,4096,,,,,,"{""valid_slice_N_K_per_head_per_token"":[[1,128],[1,128]],""logical_slice_write_events"":4,""events_are_not_device_write_transactions"":true,""per_token_logical_slice_write_events"":4,""valid_write_bytes_per_token"":512}",table_IIb/03_attention,table_IIb/03_attention/data/results.json,7f552ac50508897407e7856c96221a3a73e2ac28ff5629b512a9f35736875107,1,e0e1012922866def44382db5340c409bce49d90a85ab6f7642d96174d65e2cfa,/cases/5/result/parts/QK/ports
qwen35_2b/attention_decode/131072,qwen35_2b,15852e8c16360a2fea060d615a32b45270f8a8fc,3,attention_decode,,131072,QK,operator,2048,512,4,,"[131072,256]",2,67108864,67108864,4096,,,,,,"{""valid_slice_N_K_per_head_per_token"":[[1,128],[1,128]],""logical_slice_write_events"":4,""events_are_not_device_write_transactions"":true,""per_token_logical_slice_write_events"":4,""valid_write_bytes_per_token"":512}",table_IIb/03_attention,table_IIb/03_attention/data/results.json,7f552ac50508897407e7856c96221a3a73e2ac28ff5629b512a9f35736875107,1,e0e1012922866def44382db5340c409bce49d90a85ab6f7642d96174d65e2cfa,/cases/5/result/parts/QK/operator
qwen35_2b/attention_decode/131072,qwen35_2b,15852e8c16360a2fea060d615a32b45270f8a8fc,3,attention_decode,,131072,AV,ports,2097152,512,4096,16384,"[256,131072]",2,67108864,67108864,4096,,,,,,"{""valid_slice_N_K_per_head_per_token"":[[128,1],[128,1]],""logical_slice_write_events"":4,""events_are_not_device_write_transactions"":true,""per_token_logical_slice_write_events"":4,""valid_write_bytes_per_token"":512}",table_IIb/03_attention,table_IIb/03_attention/data/results.json,7f552ac50508897407e7856c96221a3a73e2ac28ff5629b512a9f35736875107,1,e0e1012922866def44382db5340c409bce49d90a85ab6f7642d96174d65e2cfa,/cases/5/result/parts/AV/ports
qwen35_2b/attention_decode/131072,qwen35_2b,15852e8c16360a2fea060d615a32b45270f8a8fc,3,attention_decode,,131072,AV,operator,1048576,512,2048,,"[256,131072]",2,67108864,67108864,4096,,,,,,"{""valid_slice_N_K_per_head_per_token"":[[128,1],[128,1]],""logical_slice_write_events"":4,""events_are_not_device_write_transactions"":true,""per_token_logical_slice_write_events"":4,""valid_write_bytes_per_token"":512}",table_IIb/03_attention,table_IIb/03_attention/data/results.json,7f552ac50508897407e7856c96221a3a73e2ac28ff5629b512a9f35736875107,1,e0e1012922866def44382db5340c409bce49d90a85ab6f7642d96174d65e2cfa,/cases/5/result/parts/AV/operator
ministral3_8b_2512/qkv_projection/one_token,ministral3_8b_2512,d4883f9b36aa2e5d775730d3fdba3d30de51a8ef,0,qkv_projection,,,total,ports,196608,0,∞,1536,,,25165824,25165824,1536,8192,,,,,,table_IIb/01_qkv_projection,table_IIb/01_qkv_projection/data/results.json,c342f0781f396df3d18d6bfcc94bdef95c3846f9985a8ca0e038297f0ef69a27,2,6377df5399a9a6333fa9a7374c93047504437936cac7d1b596046aba82eb1297,/cases/1/result/ports
ministral3_8b_2512/qkv_projection/one_token,ministral3_8b_2512,d4883f9b36aa2e5d775730d3fdba3d30de51a8ef,0,qkv_projection,,,total,operator,4096,0,∞,,,,25165824,25165824,1536,8192,,,,,,table_IIb/01_qkv_projection,table_IIb/01_qkv_projection/data/results.json,c342f0781f396df3d18d6bfcc94bdef95c3846f9985a8ca0e038297f0ef69a27,2,6377df5399a9a6333fa9a7374c93047504437936cac7d1b596046aba82eb1297,/cases/1/result/operator
ministral3_8b_2512/qkv_projection/one_token,ministral3_8b_2512,d4883f9b36aa2e5d775730d3fdba3d30de51a8ef,0,qkv_projection,,,Q,ports,131072,0,∞,1024,"[4096,4096]",1,16777216,16777216,1024,,,,,,,table_IIb/01_qkv_projection,table_IIb/01_qkv_projection/data/results.json,c342f0781f396df3d18d6bfcc94bdef95c3846f9985a8ca0e038297f0ef69a27,2,6377df5399a9a6333fa9a7374c93047504437936cac7d1b596046aba82eb1297,/cases/1/result/parts/Q/ports
ministral3_8b_2512/qkv_projection/one_token,ministral3_8b_2512,d4883f9b36aa2e5d775730d3fdba3d30de51a8ef,0,qkv_projection,,,Q,operator,4096,0,∞,,"[4096,4096]",1,16777216,16777216,1024,,,,,,,table_IIb/01_qkv_projection,table_IIb/01_qkv_projection/data/results.json,c342f0781f396df3d18d6bfcc94bdef95c3846f9985a8ca0e038297f0ef69a27,2,6377df5399a9a6333fa9a7374c93047504437936cac7d1b596046aba82eb1297,/cases/1/result/parts/Q/operator
ministral3_8b_2512/qkv_projection/one_token,ministral3_8b_2512,d4883f9b36aa2e5d775730d3fdba3d30de51a8ef,0,qkv_projection,,,K,ports,32768,0,∞,256,"[1024,4096]",1,4194304,4194304,256,,,,,,,table_IIb/01_qkv_projection,table_IIb/01_qkv_projection/data/results.json,c342f0781f396df3d18d6bfcc94bdef95c3846f9985a8ca0e038297f0ef69a27,2,6377df5399a9a6333fa9a7374c93047504437936cac7d1b596046aba82eb1297,/cases/1/result/parts/K/ports
ministral3_8b_2512/qkv_projection/one_token,ministral3_8b_2512,d4883f9b36aa2e5d775730d3fdba3d30de51a8ef,0,qkv_projection,,,K,operator,4096,0,∞,,"[1024,4096]",1,4194304,4194304,256,,,,,,,table_IIb/01_qkv_projection,table_IIb/01_qkv_projection/data/results.json,c342f0781f396df3d18d6bfcc94bdef95c3846f9985a8ca0e038297f0ef69a27,2,6377df5399a9a6333fa9a7374c93047504437936cac7d1b596046aba82eb1297,/cases/1/result/parts/K/operator
ministral3_8b_2512/qkv_projection/one_token,ministral3_8b_2512,d4883f9b36aa2e5d775730d3fdba3d30de51a8ef,0,qkv_projection,,,V,ports,32768,0,∞,256,"[1024,4096]",1,4194304,4194304,256,,,,,,,table_IIb/01_qkv_projection,table_IIb/01_qkv_projection/data/results.json,c342f0781f396df3d18d6bfcc94bdef95c3846f9985a8ca0e038297f0ef69a27,2,6377df5399a9a6333fa9a7374c93047504437936cac7d1b596046aba82eb1297,/cases/1/result/parts/V/ports
ministral3_8b_2512/qkv_projection/one_token,ministral3_8b_2512,d4883f9b36aa2e5d775730d3fdba3d30de51a8ef,0,qkv_projection,,,V,operator,4096,0,∞,,"[1024,4096]",1,4194304,4194304,256,,,,,,,table_IIb/01_qkv_projection,table_IIb/01_qkv_projection/data/results.json,c342f0781f396df3d18d6bfcc94bdef95c3846f9985a8ca0e038297f0ef69a27,2,6377df5399a9a6333fa9a7374c93047504437936cac7d1b596046aba82eb1297,/cases/1/result/parts/V/operator
ministral3_8b_2512/ffn_or_moe/8,ministral3_8b_2512,d4883f9b36aa2e5d775730d3fdba3d30de51a8ef,0,ffn_or_moe,8,,total,ports,11010048,176160768,1/16,86016,,,176160768,176160768,10752,32768,,,,,,table_IIb/02_ffn_moe,table_IIb/02_ffn_moe/data/results.json,5fc920987cd169108e39c72b5c844d0217b504dedffb8f9fbfce8f0ce40a4e8b,2,de42185a100e94d874030d7df9728cfb0a3787f0f59e9b57c02a9b05b03b7aaf,/cases/3/result/ports
ministral3_8b_2512/ffn_or_moe/8,ministral3_8b_2512,d4883f9b36aa2e5d775730d3fdba3d30de51a8ef,0,ffn_or_moe,8,,total,operator,147456,176160768,3/3584,,,,176160768,176160768,10752,32768,,,,,,table_IIb/02_ffn_moe,table_IIb/02_ffn_moe/data/results.json,5fc920987cd169108e39c72b5c844d0217b504dedffb8f9fbfce8f0ce40a4e8b,2,de42185a100e94d874030d7df9728cfb0a3787f0f59e9b57c02a9b05b03b7aaf,/cases/3/result/operator
ministral3_8b_2512/ffn_or_moe/8,ministral3_8b_2512,d4883f9b36aa2e5d775730d3fdba3d30de51a8ef,0,ffn_or_moe,8,,gate,ports,3670016,58720256,1/16,28672,"[14336,4096]",1,58720256,58720256,3584,,,,,,,table_IIb/02_ffn_moe,table_IIb/02_ffn_moe/data/results.json,5fc920987cd169108e39c72b5c844d0217b504dedffb8f9fbfce8f0ce40a4e8b,2,de42185a100e94d874030d7df9728cfb0a3787f0f59e9b57c02a9b05b03b7aaf,/cases/3/result/parts/gate/ports
ministral3_8b_2512/ffn_or_moe/8,ministral3_8b_2512,d4883f9b36aa2e5d775730d3fdba3d30de51a8ef,0,ffn_or_moe,8,,gate,operator,32768,58720256,1/1792,,"[14336,4096]",1,58720256,58720256,3584,,,,,,,table_IIb/02_ffn_moe,table_IIb/02_ffn_moe/data/results.json,5fc920987cd169108e39c72b5c844d0217b504dedffb8f9fbfce8f0ce40a4e8b,2,de42185a100e94d874030d7df9728cfb0a3787f0f59e9b57c02a9b05b03b7aaf,/cases/3/result/parts/gate/operator
ministral3_8b_2512/ffn_or_moe/8,ministral3_8b_2512,d4883f9b36aa2e5d775730d3fdba3d30de51a8ef,0,ffn_or_moe,8,,up,ports,3670016,58720256,1/16,28672,"[14336,4096]",1,58720256,58720256,3584,,,,,,,table_IIb/02_ffn_moe,table_IIb/02_ffn_moe/data/results.json,5fc920987cd169108e39c72b5c844d0217b504dedffb8f9fbfce8f0ce40a4e8b,2,de42185a100e94d874030d7df9728cfb0a3787f0f59e9b57c02a9b05b03b7aaf,/cases/3/result/parts/up/ports
ministral3_8b_2512/ffn_or_moe/8,ministral3_8b_2512,d4883f9b36aa2e5d775730d3fdba3d30de51a8ef,0,ffn_or_moe,8,,up,operator,32768,58720256,1/1792,,"[14336,4096]",1,58720256,58720256,3584,,,,,,,table_IIb/02_ffn_moe,table_IIb/02_ffn_moe/data/results.json,5fc920987cd169108e39c72b5c844d0217b504dedffb8f9fbfce8f0ce40a4e8b,2,de42185a100e94d874030d7df9728cfb0a3787f0f59e9b57c02a9b05b03b7aaf,/cases/3/result/parts/up/operator
ministral3_8b_2512/ffn_or_moe/8,ministral3_8b_2512,d4883f9b36aa2e5d775730d3fdba3d30de51a8ef,0,ffn_or_moe,8,,down,ports,3670016,58720256,1/16,28672,"[4096,14336]",1,58720256,58720256,3584,,,,,,,table_IIb/02_ffn_moe,table_IIb/02_ffn_moe/data/results.json,5fc920987cd169108e39c72b5c844d0217b504dedffb8f9fbfce8f0ce40a4e8b,2,de42185a100e94d874030d7df9728cfb0a3787f0f59e9b57c02a9b05b03b7aaf,/cases/3/result/parts/down/ports
ministral3_8b_2512/ffn_or_moe/8,ministral3_8b_2512,d4883f9b36aa2e5d775730d3fdba3d30de51a8ef,0,ffn_or_moe,8,,down,operator,114688,58720256,1/512,,"[4096,14336]",1,58720256,58720256,3584,,,,,,,table_IIb/02_ffn_moe,table_IIb/02_ffn_moe/data/results.json,5fc920987cd169108e39c72b5c844d0217b504dedffb8f9fbfce8f0ce40a4e8b,2,de42185a100e94d874030d7df9728cfb0a3787f0f59e9b57c02a9b05b03b7aaf,/cases/3/result/parts/down/operator
ministral3_8b_2512/ffn_or_moe/64,ministral3_8b_2512,d4883f9b36aa2e5d775730d3fdba3d30de51a8ef,0,ffn_or_moe,64,,total,ports,88080384,176160768,1/2,688128,,,176160768,176160768,10752,262144,,,,,,table_IIb/02_ffn_moe,table_IIb/02_ffn_moe/data/results.json,5fc920987cd169108e39c72b5c844d0217b504dedffb8f9fbfce8f0ce40a4e8b,2,de42185a100e94d874030d7df9728cfb0a3787f0f59e9b57c02a9b05b03b7aaf,/cases/4/result/ports
ministral3_8b_2512/ffn_or_moe/64,ministral3_8b_2512,d4883f9b36aa2e5d775730d3fdba3d30de51a8ef,0,ffn_or_moe,64,,total,operator,1179648,176160768,3/448,,,,176160768,176160768,10752,262144,,,,,,table_IIb/02_ffn_moe,table_IIb/02_ffn_moe/data/results.json,5fc920987cd169108e39c72b5c844d0217b504dedffb8f9fbfce8f0ce40a4e8b,2,de42185a100e94d874030d7df9728cfb0a3787f0f59e9b57c02a9b05b03b7aaf,/cases/4/result/operator
ministral3_8b_2512/ffn_or_moe/64,ministral3_8b_2512,d4883f9b36aa2e5d775730d3fdba3d30de51a8ef,0,ffn_or_moe,64,,gate,ports,29360128,58720256,1/2,229376,"[14336,4096]",1,58720256,58720256,3584,,,,,,,table_IIb/02_ffn_moe,table_IIb/02_ffn_moe/data/results.json,5fc920987cd169108e39c72b5c844d0217b504dedffb8f9fbfce8f0ce40a4e8b,2,de42185a100e94d874030d7df9728cfb0a3787f0f59e9b57c02a9b05b03b7aaf,/cases/4/result/parts/gate/ports
ministral3_8b_2512/ffn_or_moe/64,ministral3_8b_2512,d4883f9b36aa2e5d775730d3fdba3d30de51a8ef,0,ffn_or_moe,64,,gate,operator,262144,58720256,1/224,,"[14336,4096]",1,58720256,58720256,3584,,,,,,,table_IIb/02_ffn_moe,table_IIb/02_ffn_moe/data/results.json,5fc920987cd169108e39c72b5c844d0217b504dedffb8f9fbfce8f0ce40a4e8b,2,de42185a100e94d874030d7df9728cfb0a3787f0f59e9b57c02a9b05b03b7aaf,/cases/4/result/parts/gate/operator
ministral3_8b_2512/ffn_or_moe/64,ministral3_8b_2512,d4883f9b36aa2e5d775730d3fdba3d30de51a8ef,0,ffn_or_moe,64,,up,ports,29360128,58720256,1/2,229376,"[14336,4096]",1,58720256,58720256,3584,,,,,,,table_IIb/02_ffn_moe,table_IIb/02_ffn_moe/data/results.json,5fc920987cd169108e39c72b5c844d0217b504dedffb8f9fbfce8f0ce40a4e8b,2,de42185a100e94d874030d7df9728cfb0a3787f0f59e9b57c02a9b05b03b7aaf,/cases/4/result/parts/up/ports
ministral3_8b_2512/ffn_or_moe/64,ministral3_8b_2512,d4883f9b36aa2e5d775730d3fdba3d30de51a8ef,0,ffn_or_moe,64,,up,operator,262144,58720256,1/224,,"[14336,4096]",1,58720256,58720256,3584,,,,,,,table_IIb/02_ffn_moe,table_IIb/02_ffn_moe/data/results.json,5fc920987cd169108e39c72b5c844d0217b504dedffb8f9fbfce8f0ce40a4e8b,2,de42185a100e94d874030d7df9728cfb0a3787f0f59e9b57c02a9b05b03b7aaf,/cases/4/result/parts/up/operator
ministral3_8b_2512/ffn_or_moe/64,ministral3_8b_2512,d4883f9b36aa2e5d775730d3fdba3d30de51a8ef,0,ffn_or_moe,64,,down,ports,29360128,58720256,1/2,229376,"[4096,14336]",1,58720256,58720256,3584,,,,,,,table_IIb/02_ffn_moe,table_IIb/02_ffn_moe/data/results.json,5fc920987cd169108e39c72b5c844d0217b504dedffb8f9fbfce8f0ce40a4e8b,2,de42185a100e94d874030d7df9728cfb0a3787f0f59e9b57c02a9b05b03b7aaf,/cases/4/result/parts/down/ports
ministral3_8b_2512/ffn_or_moe/64,ministral3_8b_2512,d4883f9b36aa2e5d775730d3fdba3d30de51a8ef,0,ffn_or_moe,64,,down,operator,917504,58720256,1/64,,"[4096,14336]",1,58720256,58720256,3584,,,,,,,table_IIb/02_ffn_moe,table_IIb/02_ffn_moe/data/results.json,5fc920987cd169108e39c72b5c844d0217b504dedffb8f9fbfce8f0ce40a4e8b,2,de42185a100e94d874030d7df9728cfb0a3787f0f59e9b57c02a9b05b03b7aaf,/cases/4/result/parts/down/operator
ministral3_8b_2512/ffn_or_moe/512,ministral3_8b_2512,d4883f9b36aa2e5d775730d3fdba3d30de51a8ef,0,ffn_or_moe,512,,total,ports,704643072,176160768,4,5505024,,,176160768,176160768,10752,2097152,,,,,,table_IIb/02_ffn_moe,table_IIb/02_ffn_moe/data/results.json,5fc920987cd169108e39c72b5c844d0217b504dedffb8f9fbfce8f0ce40a4e8b,2,de42185a100e94d874030d7df9728cfb0a3787f0f59e9b57c02a9b05b03b7aaf,/cases/5/result/ports
ministral3_8b_2512/ffn_or_moe/512,ministral3_8b_2512,d4883f9b36aa2e5d775730d3fdba3d30de51a8ef,0,ffn_or_moe,512,,total,operator,9437184,176160768,3/56,,,,176160768,176160768,10752,2097152,,,,,,table_IIb/02_ffn_moe,table_IIb/02_ffn_moe/data/results.json,5fc920987cd169108e39c72b5c844d0217b504dedffb8f9fbfce8f0ce40a4e8b,2,de42185a100e94d874030d7df9728cfb0a3787f0f59e9b57c02a9b05b03b7aaf,/cases/5/result/operator
ministral3_8b_2512/ffn_or_moe/512,ministral3_8b_2512,d4883f9b36aa2e5d775730d3fdba3d30de51a8ef,0,ffn_or_moe,512,,gate,ports,234881024,58720256,4,1835008,"[14336,4096]",1,58720256,58720256,3584,,,,,,,table_IIb/02_ffn_moe,table_IIb/02_ffn_moe/data/results.json,5fc920987cd169108e39c72b5c844d0217b504dedffb8f9fbfce8f0ce40a4e8b,2,de42185a100e94d874030d7df9728cfb0a3787f0f59e9b57c02a9b05b03b7aaf,/cases/5/result/parts/gate/ports
ministral3_8b_2512/ffn_or_moe/512,ministral3_8b_2512,d4883f9b36aa2e5d775730d3fdba3d30de51a8ef,0,ffn_or_moe,512,,gate,operator,2097152,58720256,1/28,,"[14336,4096]",1,58720256,58720256,3584,,,,,,,table_IIb/02_ffn_moe,table_IIb/02_ffn_moe/data/results.json,5fc920987cd169108e39c72b5c844d0217b504dedffb8f9fbfce8f0ce40a4e8b,2,de42185a100e94d874030d7df9728cfb0a3787f0f59e9b57c02a9b05b03b7aaf,/cases/5/result/parts/gate/operator
ministral3_8b_2512/ffn_or_moe/512,ministral3_8b_2512,d4883f9b36aa2e5d775730d3fdba3d30de51a8ef,0,ffn_or_moe,512,,up,ports,234881024,58720256,4,1835008,"[14336,4096]",1,58720256,58720256,3584,,,,,,,table_IIb/02_ffn_moe,table_IIb/02_ffn_moe/data/results.json,5fc920987cd169108e39c72b5c844d0217b504dedffb8f9fbfce8f0ce40a4e8b,2,de42185a100e94d874030d7df9728cfb0a3787f0f59e9b57c02a9b05b03b7aaf,/cases/5/result/parts/up/ports
ministral3_8b_2512/ffn_or_moe/512,ministral3_8b_2512,d4883f9b36aa2e5d775730d3fdba3d30de51a8ef,0,ffn_or_moe,512,,up,operator,2097152,58720256,1/28,,"[14336,4096]",1,58720256,58720256,3584,,,,,,,table_IIb/02_ffn_moe,table_IIb/02_ffn_moe/data/results.json,5fc920987cd169108e39c72b5c844d0217b504dedffb8f9fbfce8f0ce40a4e8b,2,de42185a100e94d874030d7df9728cfb0a3787f0f59e9b57c02a9b05b03b7aaf,/cases/5/result/parts/up/operator
ministral3_8b_2512/ffn_or_moe/512,ministral3_8b_2512,d4883f9b36aa2e5d775730d3fdba3d30de51a8ef,0,ffn_or_moe,512,,down,ports,234881024,58720256,4,1835008,"[4096,14336]",1,58720256,58720256,3584,,,,,,,table_IIb/02_ffn_moe,table_IIb/02_ffn_moe/data/results.json,5fc920987cd169108e39c72b5c844d0217b504dedffb8f9fbfce8f0ce40a4e8b,2,de42185a100e94d874030d7df9728cfb0a3787f0f59e9b57c02a9b05b03b7aaf,/cases/5/result/parts/down/ports
ministral3_8b_2512/ffn_or_moe/512,ministral3_8b_2512,d4883f9b36aa2e5d775730d3fdba3d30de51a8ef,0,ffn_or_moe,512,,down,operator,7340032,58720256,1/8,,"[4096,14336]",1,58720256,58720256,3584,,,,,,,table_IIb/02_ffn_moe,table_IIb/02_ffn_moe/data/results.json,5fc920987cd169108e39c72b5c844d0217b504dedffb8f9fbfce8f0ce40a4e8b,2,de42185a100e94d874030d7df9728cfb0a3787f0f59e9b57c02a9b05b03b7aaf,/cases/5/result/parts/down/operator
ministral3_8b_2512/attention_prefill/1024,ministral3_8b_2512,d4883f9b36aa2e5d775730d3fdba3d30de51a8ef,0,attention_prefill,,1024,total,ports,35667968,2097152,2177/128,294912,,,2097152,2097152,128,0,0,1024,0,1024,,table_IIb/03_attention,table_IIb/03_attention/data/results.json,7f552ac50508897407e7856c96221a3a73e2ac28ff5629b512a9f35736875107,1,e0e1012922866def44382db5340c409bce49d90a85ab6f7642d96174d65e2cfa,/cases/6/result/ports
ministral3_8b_2512/attention_prefill/1024,ministral3_8b_2512,d4883f9b36aa2e5d775730d3fdba3d30de51a8ef,0,attention_prefill,,1024,total,operator,20987904,2097152,1281/128,,,,2097152,2097152,128,0,0,1024,0,1024,,table_IIb/03_attention,table_IIb/03_attention/data/results.json,7f552ac50508897407e7856c96221a3a73e2ac28ff5629b512a9f35736875107,1,e0e1012922866def44382db5340c409bce49d90a85ab6f7642d96174d65e2cfa,/cases/6/result/operator
ministral3_8b_2512/attention_prefill/1024,ministral3_8b_2512,d4883f9b36aa2e5d775730d3fdba3d30de51a8ef,0,attention_prefill,,1024,QK,ports,18874368,1048576,18,147456,"[1024,128]",8,1048576,1048576,64,,,,,,"{""valid_slice_N_K_per_head_per_token"":[[1,128]],""logical_slice_write_events"":8192,""events_are_not_device_write_transactions"":true,""per_token_logical_slice_write_events"":8,""valid_write_bytes_per_token"":1024}",table_IIb/03_attention,table_IIb/03_attention/data/results.json,7f552ac50508897407e7856c96221a3a73e2ac28ff5629b512a9f35736875107,1,e0e1012922866def44382db5340c409bce49d90a85ab6f7642d96174d65e2cfa,/cases/6/result/parts/QK/ports
ministral3_8b_2512/attention_prefill/1024,ministral3_8b_2512,d4883f9b36aa2e5d775730d3fdba3d30de51a8ef,0,attention_prefill,,1024,QK,operator,4194304,1048576,4,,"[1024,128]",8,1048576,1048576,64,,,,,,"{""valid_slice_N_K_per_head_per_token"":[[1,128]],""logical_slice_write_events"":8192,""events_are_not_device_write_transactions"":true,""per_token_logical_slice_write_events"":8,""valid_write_bytes_per_token"":1024}",table_IIb/03_attention,table_IIb/03_attention/data/results.json,7f552ac50508897407e7856c96221a3a73e2ac28ff5629b512a9f35736875107,1,e0e1012922866def44382db5340c409bce49d90a85ab6f7642d96174d65e2cfa,/cases/6/result/parts/QK/operator
ministral3_8b_2512/attention_prefill/1024,ministral3_8b_2512,d4883f9b36aa2e5d775730d3fdba3d30de51a8ef,0,attention_prefill,,1024,AV,ports,16793600,1048576,1025/64,147456,"[128,1024]",8,1048576,1048576,64,,,,,,"{""valid_slice_N_K_per_head_per_token"":[[128,1]],""logical_slice_write_events"":8192,""events_are_not_device_write_transactions"":true,""per_token_logical_slice_write_events"":8,""valid_write_bytes_per_token"":1024}",table_IIb/03_attention,table_IIb/03_attention/data/results.json,7f552ac50508897407e7856c96221a3a73e2ac28ff5629b512a9f35736875107,1,e0e1012922866def44382db5340c409bce49d90a85ab6f7642d96174d65e2cfa,/cases/6/result/parts/AV/ports
ministral3_8b_2512/attention_prefill/1024,ministral3_8b_2512,d4883f9b36aa2e5d775730d3fdba3d30de51a8ef,0,attention_prefill,,1024,AV,operator,16793600,1048576,1025/64,,"[128,1024]",8,1048576,1048576,64,,,,,,"{""valid_slice_N_K_per_head_per_token"":[[128,1]],""logical_slice_write_events"":8192,""events_are_not_device_write_transactions"":true,""per_token_logical_slice_write_events"":8,""valid_write_bytes_per_token"":1024}",table_IIb/03_attention,table_IIb/03_attention/data/results.json,7f552ac50508897407e7856c96221a3a73e2ac28ff5629b512a9f35736875107,1,e0e1012922866def44382db5340c409bce49d90a85ab6f7642d96174d65e2cfa,/cases/6/result/parts/AV/operator
ministral3_8b_2512/attention_prefill/16384,ministral3_8b_2512,d4883f9b36aa2e5d775730d3fdba3d30de51a8ef,0,attention_prefill,,16384,total,ports,8623751168,33554432,32897/128,67633152,,,33554432,33554432,2048,0,0,16384,0,16384,,table_IIb/03_attention,table_IIb/03_attention/data/results.json,7f552ac50508897407e7856c96221a3a73e2ac28ff5629b512a9f35736875107,1,e0e1012922866def44382db5340c409bce49d90a85ab6f7642d96174d65e2cfa,/cases/7/result/ports
ministral3_8b_2512/attention_prefill/16384,ministral3_8b_2512,d4883f9b36aa2e5d775730d3fdba3d30de51a8ef,0,attention_prefill,,16384,total,operator,4362338304,33554432,16641/128,,,,33554432,33554432,2048,0,0,16384,0,16384,,table_IIb/03_attention,table_IIb/03_attention/data/results.json,7f552ac50508897407e7856c96221a3a73e2ac28ff5629b512a9f35736875107,1,e0e1012922866def44382db5340c409bce49d90a85ab6f7642d96174d65e2cfa,/cases/7/result/operator
ministral3_8b_2512/attention_prefill/16384,ministral3_8b_2512,d4883f9b36aa2e5d775730d3fdba3d30de51a8ef,0,attention_prefill,,16384,QK,ports,4328521728,16777216,258,33816576,"[16384,128]",8,16777216,16777216,1024,,,,,,"{""valid_slice_N_K_per_head_per_token"":[[1,128]],""logical_slice_write_events"":131072,""events_are_not_device_write_transactions"":true,""per_token_logical_slice_write_events"":8,""valid_write_bytes_per_token"":1024}",table_IIb/03_attention,table_IIb/03_attention/data/results.json,7f552ac50508897407e7856c96221a3a73e2ac28ff5629b512a9f35736875107,1,e0e1012922866def44382db5340c409bce49d90a85ab6f7642d96174d65e2cfa,/cases/7/result/parts/QK/ports
ministral3_8b_2512/attention_prefill/16384,ministral3_8b_2512,d4883f9b36aa2e5d775730d3fdba3d30de51a8ef,0,attention_prefill,,16384,QK,operator,67108864,16777216,4,,"[16384,128]",8,16777216,16777216,1024,,,,,,"{""valid_slice_N_K_per_head_per_token"":[[1,128]],""logical_slice_write_events"":131072,""events_are_not_device_write_transactions"":true,""per_token_logical_slice_write_events"":8,""valid_write_bytes_per_token"":1024}",table_IIb/03_attention,table_IIb/03_attention/data/results.json,7f552ac50508897407e7856c96221a3a73e2ac28ff5629b512a9f35736875107,1,e0e1012922866def44382db5340c409bce49d90a85ab6f7642d96174d65e2cfa,/cases/7/result/parts/QK/operator
ministral3_8b_2512/attention_prefill/16384,ministral3_8b_2512,d4883f9b36aa2e5d775730d3fdba3d30de51a8ef,0,attention_prefill,,16384,AV,ports,4295229440,16777216,16385/64,33816576,"[128,16384]",8,16777216,16777216,1024,,,,,,"{""valid_slice_N_K_per_head_per_token"":[[128,1]],""logical_slice_write_events"":131072,""events_are_not_device_write_transactions"":true,""per_token_logical_slice_write_events"":8,""valid_write_bytes_per_token"":1024}",table_IIb/03_attention,table_IIb/03_attention/data/results.json,7f552ac50508897407e7856c96221a3a73e2ac28ff5629b512a9f35736875107,1,e0e1012922866def44382db5340c409bce49d90a85ab6f7642d96174d65e2cfa,/cases/7/result/parts/AV/ports
ministral3_8b_2512/attention_prefill/16384,ministral3_8b_2512,d4883f9b36aa2e5d775730d3fdba3d30de51a8ef,0,attention_prefill,,16384,AV,operator,4295229440,16777216,16385/64,,"[128,16384]",8,16777216,16777216,1024,,,,,,"{""valid_slice_N_K_per_head_per_token"":[[128,1]],""logical_slice_write_events"":131072,""events_are_not_device_write_transactions"":true,""per_token_logical_slice_write_events"":8,""valid_write_bytes_per_token"":1024}",table_IIb/03_attention,table_IIb/03_attention/data/results.json,7f552ac50508897407e7856c96221a3a73e2ac28ff5629b512a9f35736875107,1,e0e1012922866def44382db5340c409bce49d90a85ab6f7642d96174d65e2cfa,/cases/7/result/parts/AV/operator
ministral3_8b_2512/attention_prefill/131072,ministral3_8b_2512,d4883f9b36aa2e5d775730d3fdba3d30de51a8ef,0,attention_prefill,,131072,total,ports,550026346496,268435456,262273/128,4299161600,,,268435456,268435456,16384,0,0,131072,0,131072,,table_IIb/03_attention,table_IIb/03_attention/data/results.json,7f552ac50508897407e7856c96221a3a73e2ac28ff5629b512a9f35736875107,1,e0e1012922866def44382db5340c409bce49d90a85ab6f7642d96174d65e2cfa,/cases/8/result/ports
ministral3_8b_2512/attention_prefill/131072,ministral3_8b_2512,d4883f9b36aa2e5d775730d3fdba3d30de51a8ef,0,attention_prefill,,131072,total,operator,275416875008,268435456,131329/128,,,,268435456,268435456,16384,0,0,131072,0,131072,,table_IIb/03_attention,table_IIb/03_attention/data/results.json,7f552ac50508897407e7856c96221a3a73e2ac28ff5629b512a9f35736875107,1,e0e1012922866def44382db5340c409bce49d90a85ab6f7642d96174d65e2cfa,/cases/8/result/operator
ministral3_8b_2512/attention_prefill/131072,ministral3_8b_2512,d4883f9b36aa2e5d775730d3fdba3d30de51a8ef,0,attention_prefill,,131072,QK,ports,275146342400,134217728,2050,2149580800,"[131072,128]",8,134217728,134217728,8192,,,,,,"{""valid_slice_N_K_per_head_per_token"":[[1,128]],""logical_slice_write_events"":1048576,""events_are_not_device_write_transactions"":true,""per_token_logical_slice_write_events"":8,""valid_write_bytes_per_token"":1024}",table_IIb/03_attention,table_IIb/03_attention/data/results.json,7f552ac50508897407e7856c96221a3a73e2ac28ff5629b512a9f35736875107,1,e0e1012922866def44382db5340c409bce49d90a85ab6f7642d96174d65e2cfa,/cases/8/result/parts/QK/ports
ministral3_8b_2512/attention_prefill/131072,ministral3_8b_2512,d4883f9b36aa2e5d775730d3fdba3d30de51a8ef,0,attention_prefill,,131072,QK,operator,536870912,134217728,4,,"[131072,128]",8,134217728,134217728,8192,,,,,,"{""valid_slice_N_K_per_head_per_token"":[[1,128]],""logical_slice_write_events"":1048576,""events_are_not_device_write_transactions"":true,""per_token_logical_slice_write_events"":8,""valid_write_bytes_per_token"":1024}",table_IIb/03_attention,table_IIb/03_attention/data/results.json,7f552ac50508897407e7856c96221a3a73e2ac28ff5629b512a9f35736875107,1,e0e1012922866def44382db5340c409bce49d90a85ab6f7642d96174d65e2cfa,/cases/8/result/parts/QK/operator
ministral3_8b_2512/attention_prefill/131072,ministral3_8b_2512,d4883f9b36aa2e5d775730d3fdba3d30de51a8ef,0,attention_prefill,,131072,AV,ports,274880004096,134217728,131073/64,2149580800,"[128,131072]",8,134217728,134217728,8192,,,,,,"{""valid_slice_N_K_per_head_per_token"":[[128,1]],""logical_slice_write_events"":1048576,""events_are_not_device_write_transactions"":true,""per_token_logical_slice_write_events"":8,""valid_write_bytes_per_token"":1024}",table_IIb/03_attention,table_IIb/03_attention/data/results.json,7f552ac50508897407e7856c96221a3a73e2ac28ff5629b512a9f35736875107,1,e0e1012922866def44382db5340c409bce49d90a85ab6f7642d96174d65e2cfa,/cases/8/result/parts/AV/ports
ministral3_8b_2512/attention_prefill/131072,ministral3_8b_2512,d4883f9b36aa2e5d775730d3fdba3d30de51a8ef,0,attention_prefill,,131072,AV,operator,274880004096,134217728,131073/64,,"[128,131072]",8,134217728,134217728,8192,,,,,,"{""valid_slice_N_K_per_head_per_token"":[[128,1]],""logical_slice_write_events"":1048576,""events_are_not_device_write_transactions"":true,""per_token_logical_slice_write_events"":8,""valid_write_bytes_per_token"":1024}",table_IIb/03_attention,table_IIb/03_attention/data/results.json,7f552ac50508897407e7856c96221a3a73e2ac28ff5629b512a9f35736875107,1,e0e1012922866def44382db5340c409bce49d90a85ab6f7642d96174d65e2cfa,/cases/8/result/parts/AV/operator
ministral3_8b_2512/attention_decode/1024,ministral3_8b_2512,d4883f9b36aa2e5d775730d3fdba3d30de51a8ef,0,attention_decode,,1024,total,ports,65536,2048,32,512,,,2097152,2097152,128,0,1023,1024,2095104,1,,table_IIb/03_attention,table_IIb/03_attention/data/results.json,7f552ac50508897407e7856c96221a3a73e2ac28ff5629b512a9f35736875107,1,e0e1012922866def44382db5340c409bce49d90a85ab6f7642d96174d65e2cfa,/cases/9/result/ports
ministral3_8b_2512/attention_decode/1024,ministral3_8b_2512,d4883f9b36aa2e5d775730d3fdba3d30de51a8ef,0,attention_decode,,1024,total,operator,36864,2048,18,,,,2097152,2097152,128,0,1023,1024,2095104,1,,table_IIb/03_attention,table_IIb/03_attention/data/results.json,7f552ac50508897407e7856c96221a3a73e2ac28ff5629b512a9f35736875107,1,e0e1012922866def44382db5340c409bce49d90a85ab6f7642d96174d65e2cfa,/cases/9/result/operator
ministral3_8b_2512/attention_decode/1024,ministral3_8b_2512,d4883f9b36aa2e5d775730d3fdba3d30de51a8ef,0,attention_decode,,1024,QK,ports,32768,1024,32,256,"[1024,128]",8,1048576,1048576,64,,,,,,"{""valid_slice_N_K_per_head_per_token"":[[1,128]],""logical_slice_write_events"":8,""events_are_not_device_write_transactions"":true,""per_token_logical_slice_write_events"":8,""valid_write_bytes_per_token"":1024}",table_IIb/03_attention,table_IIb/03_attention/data/results.json,7f552ac50508897407e7856c96221a3a73e2ac28ff5629b512a9f35736875107,1,e0e1012922866def44382db5340c409bce49d90a85ab6f7642d96174d65e2cfa,/cases/9/result/parts/QK/ports
ministral3_8b_2512/attention_decode/1024,ministral3_8b_2512,d4883f9b36aa2e5d775730d3fdba3d30de51a8ef,0,attention_decode,,1024,QK,operator,4096,1024,4,,"[1024,128]",8,1048576,1048576,64,,,,,,"{""valid_slice_N_K_per_head_per_token"":[[1,128]],""logical_slice_write_events"":8,""events_are_not_device_write_transactions"":true,""per_token_logical_slice_write_events"":8,""valid_write_bytes_per_token"":1024}",table_IIb/03_attention,table_IIb/03_attention/data/results.json,7f552ac50508897407e7856c96221a3a73e2ac28ff5629b512a9f35736875107,1,e0e1012922866def44382db5340c409bce49d90a85ab6f7642d96174d65e2cfa,/cases/9/result/parts/QK/operator
ministral3_8b_2512/attention_decode/1024,ministral3_8b_2512,d4883f9b36aa2e5d775730d3fdba3d30de51a8ef,0,attention_decode,,1024,AV,ports,32768,1024,32,256,"[128,1024]",8,1048576,1048576,64,,,,,,"{""valid_slice_N_K_per_head_per_token"":[[128,1]],""logical_slice_write_events"":8,""events_are_not_device_write_transactions"":true,""per_token_logical_slice_write_events"":8,""valid_write_bytes_per_token"":1024}",table_IIb/03_attention,table_IIb/03_attention/data/results.json,7f552ac50508897407e7856c96221a3a73e2ac28ff5629b512a9f35736875107,1,e0e1012922866def44382db5340c409bce49d90a85ab6f7642d96174d65e2cfa,/cases/9/result/parts/AV/ports
ministral3_8b_2512/attention_decode/1024,ministral3_8b_2512,d4883f9b36aa2e5d775730d3fdba3d30de51a8ef,0,attention_decode,,1024,AV,operator,32768,1024,32,,"[128,1024]",8,1048576,1048576,64,,,,,,"{""valid_slice_N_K_per_head_per_token"":[[128,1]],""logical_slice_write_events"":8,""events_are_not_device_write_transactions"":true,""per_token_logical_slice_write_events"":8,""valid_write_bytes_per_token"":1024}",table_IIb/03_attention,table_IIb/03_attention/data/results.json,7f552ac50508897407e7856c96221a3a73e2ac28ff5629b512a9f35736875107,1,e0e1012922866def44382db5340c409bce49d90a85ab6f7642d96174d65e2cfa,/cases/9/result/parts/AV/operator
ministral3_8b_2512/attention_decode/16384,ministral3_8b_2512,d4883f9b36aa2e5d775730d3fdba3d30de51a8ef,0,attention_decode,,16384,total,ports,1048576,2048,512,8192,,,33554432,33554432,2048,0,16383,16384,33552384,1,,table_IIb/03_attention,table_IIb/03_attention/data/results.json,7f552ac50508897407e7856c96221a3a73e2ac28ff5629b512a9f35736875107,1,e0e1012922866def44382db5340c409bce49d90a85ab6f7642d96174d65e2cfa,/cases/10/result/ports
ministral3_8b_2512/attention_decode/16384,ministral3_8b_2512,d4883f9b36aa2e5d775730d3fdba3d30de51a8ef,0,attention_decode,,16384,total,operator,528384,2048,258,,,,33554432,33554432,2048,0,16383,16384,33552384,1,,table_IIb/03_attention,table_IIb/03_attention/data/results.json,7f552ac50508897407e7856c96221a3a73e2ac28ff5629b512a9f35736875107,1,e0e1012922866def44382db5340c409bce49d90a85ab6f7642d96174d65e2cfa,/cases/10/result/operator
ministral3_8b_2512/attention_decode/16384,ministral3_8b_2512,d4883f9b36aa2e5d775730d3fdba3d30de51a8ef,0,attention_decode,,16384,QK,ports,524288,1024,512,4096,"[16384,128]",8,16777216,16777216,1024,,,,,,"{""valid_slice_N_K_per_head_per_token"":[[1,128]],""logical_slice_write_events"":8,""events_are_not_device_write_transactions"":true,""per_token_logical_slice_write_events"":8,""valid_write_bytes_per_token"":1024}",table_IIb/03_attention,table_IIb/03_attention/data/results.json,7f552ac50508897407e7856c96221a3a73e2ac28ff5629b512a9f35736875107,1,e0e1012922866def44382db5340c409bce49d90a85ab6f7642d96174d65e2cfa,/cases/10/result/parts/QK/ports
ministral3_8b_2512/attention_decode/16384,ministral3_8b_2512,d4883f9b36aa2e5d775730d3fdba3d30de51a8ef,0,attention_decode,,16384,QK,operator,4096,1024,4,,"[16384,128]",8,16777216,16777216,1024,,,,,,"{""valid_slice_N_K_per_head_per_token"":[[1,128]],""logical_slice_write_events"":8,""events_are_not_device_write_transactions"":true,""per_token_logical_slice_write_events"":8,""valid_write_bytes_per_token"":1024}",table_IIb/03_attention,table_IIb/03_attention/data/results.json,7f552ac50508897407e7856c96221a3a73e2ac28ff5629b512a9f35736875107,1,e0e1012922866def44382db5340c409bce49d90a85ab6f7642d96174d65e2cfa,/cases/10/result/parts/QK/operator
ministral3_8b_2512/attention_decode/16384,ministral3_8b_2512,d4883f9b36aa2e5d775730d3fdba3d30de51a8ef,0,attention_decode,,16384,AV,ports,524288,1024,512,4096,"[128,16384]",8,16777216,16777216,1024,,,,,,"{""valid_slice_N_K_per_head_per_token"":[[128,1]],""logical_slice_write_events"":8,""events_are_not_device_write_transactions"":true,""per_token_logical_slice_write_events"":8,""valid_write_bytes_per_token"":1024}",table_IIb/03_attention,table_IIb/03_attention/data/results.json,7f552ac50508897407e7856c96221a3a73e2ac28ff5629b512a9f35736875107,1,e0e1012922866def44382db5340c409bce49d90a85ab6f7642d96174d65e2cfa,/cases/10/result/parts/AV/ports
ministral3_8b_2512/attention_decode/16384,ministral3_8b_2512,d4883f9b36aa2e5d775730d3fdba3d30de51a8ef,0,attention_decode,,16384,AV,operator,524288,1024,512,,"[128,16384]",8,16777216,16777216,1024,,,,,,"{""valid_slice_N_K_per_head_per_token"":[[128,1]],""logical_slice_write_events"":8,""events_are_not_device_write_transactions"":true,""per_token_logical_slice_write_events"":8,""valid_write_bytes_per_token"":1024}",table_IIb/03_attention,table_IIb/03_attention/data/results.json,7f552ac50508897407e7856c96221a3a73e2ac28ff5629b512a9f35736875107,1,e0e1012922866def44382db5340c409bce49d90a85ab6f7642d96174d65e2cfa,/cases/10/result/parts/AV/operator
ministral3_8b_2512/attention_decode/131072,ministral3_8b_2512,d4883f9b36aa2e5d775730d3fdba3d30de51a8ef,0,attention_decode,,131072,total,ports,8388608,2048,4096,65536,,,268435456,268435456,16384,0,131071,131072,268433408,1,,table_IIb/03_attention,table_IIb/03_attention/data/results.json,7f552ac50508897407e7856c96221a3a73e2ac28ff5629b512a9f35736875107,1,e0e1012922866def44382db5340c409bce49d90a85ab6f7642d96174d65e2cfa,/cases/11/result/ports
ministral3_8b_2512/attention_decode/131072,ministral3_8b_2512,d4883f9b36aa2e5d775730d3fdba3d30de51a8ef,0,attention_decode,,131072,total,operator,4198400,2048,2050,,,,268435456,268435456,16384,0,131071,131072,268433408,1,,table_IIb/03_attention,table_IIb/03_attention/data/results.json,7f552ac50508897407e7856c96221a3a73e2ac28ff5629b512a9f35736875107,1,e0e1012922866def44382db5340c409bce49d90a85ab6f7642d96174d65e2cfa,/cases/11/result/operator
ministral3_8b_2512/attention_decode/131072,ministral3_8b_2512,d4883f9b36aa2e5d775730d3fdba3d30de51a8ef,0,attention_decode,,131072,QK,ports,4194304,1024,4096,32768,"[131072,128]",8,134217728,134217728,8192,,,,,,"{""valid_slice_N_K_per_head_per_token"":[[1,128]],""logical_slice_write_events"":8,""events_are_not_device_write_transactions"":true,""per_token_logical_slice_write_events"":8,""valid_write_bytes_per_token"":1024}",table_IIb/03_attention,table_IIb/03_attention/data/results.json,7f552ac50508897407e7856c96221a3a73e2ac28ff5629b512a9f35736875107,1,e0e1012922866def44382db5340c409bce49d90a85ab6f7642d96174d65e2cfa,/cases/11/result/parts/QK/ports
ministral3_8b_2512/attention_decode/131072,ministral3_8b_2512,d4883f9b36aa2e5d775730d3fdba3d30de51a8ef,0,attention_decode,,131072,QK,operator,4096,1024,4,,"[131072,128]",8,134217728,134217728,8192,,,,,,"{""valid_slice_N_K_per_head_per_token"":[[1,128]],""logical_slice_write_events"":8,""events_are_not_device_write_transactions"":true,""per_token_logical_slice_write_events"":8,""valid_write_bytes_per_token"":1024}",table_IIb/03_attention,table_IIb/03_attention/data/results.json,7f552ac50508897407e7856c96221a3a73e2ac28ff5629b512a9f35736875107,1,e0e1012922866def44382db5340c409bce49d90a85ab6f7642d96174d65e2cfa,/cases/11/result/parts/QK/operator
ministral3_8b_2512/attention_decode/131072,ministral3_8b_2512,d4883f9b36aa2e5d775730d3fdba3d30de51a8ef,0,attention_decode,,131072,AV,ports,4194304,1024,4096,32768,"[128,131072]",8,134217728,134217728,8192,,,,,,"{""valid_slice_N_K_per_head_per_token"":[[128,1]],""logical_slice_write_events"":8,""events_are_not_device_write_transactions"":true,""per_token_logical_slice_write_events"":8,""valid_write_bytes_per_token"":1024}",table_IIb/03_attention,table_IIb/03_attention/data/results.json,7f552ac50508897407e7856c96221a3a73e2ac28ff5629b512a9f35736875107,1,e0e1012922866def44382db5340c409bce49d90a85ab6f7642d96174d65e2cfa,/cases/11/result/parts/AV/ports
ministral3_8b_2512/attention_decode/131072,ministral3_8b_2512,d4883f9b36aa2e5d775730d3fdba3d30de51a8ef,0,attention_decode,,131072,AV,operator,4194304,1024,4096,,"[128,131072]",8,134217728,134217728,8192,,,,,,"{""valid_slice_N_K_per_head_per_token"":[[128,1]],""logical_slice_write_events"":8,""events_are_not_device_write_transactions"":true,""per_token_logical_slice_write_events"":8,""valid_write_bytes_per_token"":1024}",table_IIb/03_attention,table_IIb/03_attention/data/results.json,7f552ac50508897407e7856c96221a3a73e2ac28ff5629b512a9f35736875107,1,e0e1012922866def44382db5340c409bce49d90a85ab6f7642d96174d65e2cfa,/cases/11/result/parts/AV/operator
qwen36_35b_a3b/qkv_projection/one_token,qwen36_35b_a3b,995ad96eacd98c81ed38be0c5b274b04031597b0,3,qkv_projection,,,total,ports,147456,0,∞,1152,,,18874368,18874368,1152,6144,,,,,,table_IIb/01_qkv_projection,table_IIb/01_qkv_projection/data/results.json,c342f0781f396df3d18d6bfcc94bdef95c3846f9985a8ca0e038297f0ef69a27,2,6377df5399a9a6333fa9a7374c93047504437936cac7d1b596046aba82eb1297,/cases/2/result/ports
qwen36_35b_a3b/qkv_projection/one_token,qwen36_35b_a3b,995ad96eacd98c81ed38be0c5b274b04031597b0,3,qkv_projection,,,total,operator,2048,0,∞,,,,18874368,18874368,1152,6144,,,,,,table_IIb/01_qkv_projection,table_IIb/01_qkv_projection/data/results.json,c342f0781f396df3d18d6bfcc94bdef95c3846f9985a8ca0e038297f0ef69a27,2,6377df5399a9a6333fa9a7374c93047504437936cac7d1b596046aba82eb1297,/cases/2/result/operator
qwen36_35b_a3b/qkv_projection/one_token,qwen36_35b_a3b,995ad96eacd98c81ed38be0c5b274b04031597b0,3,qkv_projection,,,Q,ports,65536,0,∞,512,"[4096,2048]",1,8388608,8388608,512,,,,,,,table_IIb/01_qkv_projection,table_IIb/01_qkv_projection/data/results.json,c342f0781f396df3d18d6bfcc94bdef95c3846f9985a8ca0e038297f0ef69a27,2,6377df5399a9a6333fa9a7374c93047504437936cac7d1b596046aba82eb1297,/cases/2/result/parts/Q/ports
qwen36_35b_a3b/qkv_projection/one_token,qwen36_35b_a3b,995ad96eacd98c81ed38be0c5b274b04031597b0,3,qkv_projection,,,Q,operator,2048,0,∞,,"[4096,2048]",1,8388608,8388608,512,,,,,,,table_IIb/01_qkv_projection,table_IIb/01_qkv_projection/data/results.json,c342f0781f396df3d18d6bfcc94bdef95c3846f9985a8ca0e038297f0ef69a27,2,6377df5399a9a6333fa9a7374c93047504437936cac7d1b596046aba82eb1297,/cases/2/result/parts/Q/operator
qwen36_35b_a3b/qkv_projection/one_token,qwen36_35b_a3b,995ad96eacd98c81ed38be0c5b274b04031597b0,3,qkv_projection,,,G,ports,65536,0,∞,512,"[4096,2048]",1,8388608,8388608,512,,,,,,,table_IIb/01_qkv_projection,table_IIb/01_qkv_projection/data/results.json,c342f0781f396df3d18d6bfcc94bdef95c3846f9985a8ca0e038297f0ef69a27,2,6377df5399a9a6333fa9a7374c93047504437936cac7d1b596046aba82eb1297,/cases/2/result/parts/G/ports
qwen36_35b_a3b/qkv_projection/one_token,qwen36_35b_a3b,995ad96eacd98c81ed38be0c5b274b04031597b0,3,qkv_projection,,,G,operator,2048,0,∞,,"[4096,2048]",1,8388608,8388608,512,,,,,,,table_IIb/01_qkv_projection,table_IIb/01_qkv_projection/data/results.json,c342f0781f396df3d18d6bfcc94bdef95c3846f9985a8ca0e038297f0ef69a27,2,6377df5399a9a6333fa9a7374c93047504437936cac7d1b596046aba82eb1297,/cases/2/result/parts/G/operator
qwen36_35b_a3b/qkv_projection/one_token,qwen36_35b_a3b,995ad96eacd98c81ed38be0c5b274b04031597b0,3,qkv_projection,,,K,ports,8192,0,∞,64,"[512,2048]",1,1048576,1048576,64,,,,,,,table_IIb/01_qkv_projection,table_IIb/01_qkv_projection/data/results.json,c342f0781f396df3d18d6bfcc94bdef95c3846f9985a8ca0e038297f0ef69a27,2,6377df5399a9a6333fa9a7374c93047504437936cac7d1b596046aba82eb1297,/cases/2/result/parts/K/ports
qwen36_35b_a3b/qkv_projection/one_token,qwen36_35b_a3b,995ad96eacd98c81ed38be0c5b274b04031597b0,3,qkv_projection,,,K,operator,2048,0,∞,,"[512,2048]",1,1048576,1048576,64,,,,,,,table_IIb/01_qkv_projection,table_IIb/01_qkv_projection/data/results.json,c342f0781f396df3d18d6bfcc94bdef95c3846f9985a8ca0e038297f0ef69a27,2,6377df5399a9a6333fa9a7374c93047504437936cac7d1b596046aba82eb1297,/cases/2/result/parts/K/operator
qwen36_35b_a3b/qkv_projection/one_token,qwen36_35b_a3b,995ad96eacd98c81ed38be0c5b274b04031597b0,3,qkv_projection,,,V,ports,8192,0,∞,64,"[512,2048]",1,1048576,1048576,64,,,,,,,table_IIb/01_qkv_projection,table_IIb/01_qkv_projection/data/results.json,c342f0781f396df3d18d6bfcc94bdef95c3846f9985a8ca0e038297f0ef69a27,2,6377df5399a9a6333fa9a7374c93047504437936cac7d1b596046aba82eb1297,/cases/2/result/parts/V/ports
qwen36_35b_a3b/qkv_projection/one_token,qwen36_35b_a3b,995ad96eacd98c81ed38be0c5b274b04031597b0,3,qkv_projection,,,V,operator,2048,0,∞,,"[512,2048]",1,1048576,1048576,64,,,,,,,table_IIb/01_qkv_projection,table_IIb/01_qkv_projection/data/results.json,c342f0781f396df3d18d6bfcc94bdef95c3846f9985a8ca0e038297f0ef69a27,2,6377df5399a9a6333fa9a7374c93047504437936cac7d1b596046aba82eb1297,/cases/2/result/parts/V/operator
qwen36_35b_a3b/ffn_or_moe/8,qwen36_35b_a3b,995ad96eacd98c81ed38be0c5b274b04031597b0,3,ffn_or_moe,8,,total,ports,196608,3145728,1/16,1536,,,3145728,3145728,192,16384,,,,,,table_IIb/02_ffn_moe,table_IIb/02_ffn_moe/data/results.json,5fc920987cd169108e39c72b5c844d0217b504dedffb8f9fbfce8f0ce40a4e8b,2,de42185a100e94d874030d7df9728cfb0a3787f0f59e9b57c02a9b05b03b7aaf,/cases/6/result/ports
qwen36_35b_a3b/ffn_or_moe/8,qwen36_35b_a3b,995ad96eacd98c81ed38be0c5b274b04031597b0,3,ffn_or_moe,8,,total,operator,20480,3145728,5/768,,,,3145728,3145728,192,16384,,,,,,table_IIb/02_ffn_moe,table_IIb/02_ffn_moe/data/results.json,5fc920987cd169108e39c72b5c844d0217b504dedffb8f9fbfce8f0ce40a4e8b,2,de42185a100e94d874030d7df9728cfb0a3787f0f59e9b57c02a9b05b03b7aaf,/cases/6/result/operator
qwen36_35b_a3b/ffn_or_moe/8,qwen36_35b_a3b,995ad96eacd98c81ed38be0c5b274b04031597b0,3,ffn_or_moe,8,,gate,ports,65536,1048576,1/16,512,"[512,2048]",1,1048576,1048576,64,,,,,,,table_IIb/02_ffn_moe,table_IIb/02_ffn_moe/data/results.json,5fc920987cd169108e39c72b5c844d0217b504dedffb8f9fbfce8f0ce40a4e8b,2,de42185a100e94d874030d7df9728cfb0a3787f0f59e9b57c02a9b05b03b7aaf,/cases/6/result/parts/gate/ports
qwen36_35b_a3b/ffn_or_moe/8,qwen36_35b_a3b,995ad96eacd98c81ed38be0c5b274b04031597b0,3,ffn_or_moe,8,,gate,operator,16384,1048576,1/64,,"[512,2048]",1,1048576,1048576,64,,,,,,,table_IIb/02_ffn_moe,table_IIb/02_ffn_moe/data/results.json,5fc920987cd169108e39c72b5c844d0217b504dedffb8f9fbfce8f0ce40a4e8b,2,de42185a100e94d874030d7df9728cfb0a3787f0f59e9b57c02a9b05b03b7aaf,/cases/6/result/parts/gate/operator
qwen36_35b_a3b/ffn_or_moe/8,qwen36_35b_a3b,995ad96eacd98c81ed38be0c5b274b04031597b0,3,ffn_or_moe,8,,up,ports,65536,1048576,1/16,512,"[512,2048]",1,1048576,1048576,64,,,,,,,table_IIb/02_ffn_moe,table_IIb/02_ffn_moe/data/results.json,5fc920987cd169108e39c72b5c844d0217b504dedffb8f9fbfce8f0ce40a4e8b,2,de42185a100e94d874030d7df9728cfb0a3787f0f59e9b57c02a9b05b03b7aaf,/cases/6/result/parts/up/ports
qwen36_35b_a3b/ffn_or_moe/8,qwen36_35b_a3b,995ad96eacd98c81ed38be0c5b274b04031597b0,3,ffn_or_moe,8,,up,operator,16384,1048576,1/64,,"[512,2048]",1,1048576,1048576,64,,,,,,,table_IIb/02_ffn_moe,table_IIb/02_ffn_moe/data/results.json,5fc920987cd169108e39c72b5c844d0217b504dedffb8f9fbfce8f0ce40a4e8b,2,de42185a100e94d874030d7df9728cfb0a3787f0f59e9b57c02a9b05b03b7aaf,/cases/6/result/parts/up/operator
qwen36_35b_a3b/ffn_or_moe/8,qwen36_35b_a3b,995ad96eacd98c81ed38be0c5b274b04031597b0,3,ffn_or_moe,8,,down,ports,65536,1048576,1/16,512,"[2048,512]",1,1048576,1048576,64,,,,,,,table_IIb/02_ffn_moe,table_IIb/02_ffn_moe/data/results.json,5fc920987cd169108e39c72b5c844d0217b504dedffb8f9fbfce8f0ce40a4e8b,2,de42185a100e94d874030d7df9728cfb0a3787f0f59e9b57c02a9b05b03b7aaf,/cases/6/result/parts/down/ports
qwen36_35b_a3b/ffn_or_moe/8,qwen36_35b_a3b,995ad96eacd98c81ed38be0c5b274b04031597b0,3,ffn_or_moe,8,,down,operator,4096,1048576,1/256,,"[2048,512]",1,1048576,1048576,64,,,,,,,table_IIb/02_ffn_moe,table_IIb/02_ffn_moe/data/results.json,5fc920987cd169108e39c72b5c844d0217b504dedffb8f9fbfce8f0ce40a4e8b,2,de42185a100e94d874030d7df9728cfb0a3787f0f59e9b57c02a9b05b03b7aaf,/cases/6/result/parts/down/operator
qwen36_35b_a3b/ffn_or_moe/64,qwen36_35b_a3b,995ad96eacd98c81ed38be0c5b274b04031597b0,3,ffn_or_moe,64,,total,ports,1572864,3145728,1/2,12288,,,3145728,3145728,192,131072,,,,,,table_IIb/02_ffn_moe,table_IIb/02_ffn_moe/data/results.json,5fc920987cd169108e39c72b5c844d0217b504dedffb8f9fbfce8f0ce40a4e8b,2,de42185a100e94d874030d7df9728cfb0a3787f0f59e9b57c02a9b05b03b7aaf,/cases/7/result/ports
qwen36_35b_a3b/ffn_or_moe/64,qwen36_35b_a3b,995ad96eacd98c81ed38be0c5b274b04031597b0,3,ffn_or_moe,64,,total,operator,163840,3145728,5/96,,,,3145728,3145728,192,131072,,,,,,table_IIb/02_ffn_moe,table_IIb/02_ffn_moe/data/results.json,5fc920987cd169108e39c72b5c844d0217b504dedffb8f9fbfce8f0ce40a4e8b,2,de42185a100e94d874030d7df9728cfb0a3787f0f59e9b57c02a9b05b03b7aaf,/cases/7/result/operator
qwen36_35b_a3b/ffn_or_moe/64,qwen36_35b_a3b,995ad96eacd98c81ed38be0c5b274b04031597b0,3,ffn_or_moe,64,,gate,ports,524288,1048576,1/2,4096,"[512,2048]",1,1048576,1048576,64,,,,,,,table_IIb/02_ffn_moe,table_IIb/02_ffn_moe/data/results.json,5fc920987cd169108e39c72b5c844d0217b504dedffb8f9fbfce8f0ce40a4e8b,2,de42185a100e94d874030d7df9728cfb0a3787f0f59e9b57c02a9b05b03b7aaf,/cases/7/result/parts/gate/ports
qwen36_35b_a3b/ffn_or_moe/64,qwen36_35b_a3b,995ad96eacd98c81ed38be0c5b274b04031597b0,3,ffn_or_moe,64,,gate,operator,131072,1048576,1/8,,"[512,2048]",1,1048576,1048576,64,,,,,,,table_IIb/02_ffn_moe,table_IIb/02_ffn_moe/data/results.json,5fc920987cd169108e39c72b5c844d0217b504dedffb8f9fbfce8f0ce40a4e8b,2,de42185a100e94d874030d7df9728cfb0a3787f0f59e9b57c02a9b05b03b7aaf,/cases/7/result/parts/gate/operator
qwen36_35b_a3b/ffn_or_moe/64,qwen36_35b_a3b,995ad96eacd98c81ed38be0c5b274b04031597b0,3,ffn_or_moe,64,,up,ports,524288,1048576,1/2,4096,"[512,2048]",1,1048576,1048576,64,,,,,,,table_IIb/02_ffn_moe,table_IIb/02_ffn_moe/data/results.json,5fc920987cd169108e39c72b5c844d0217b504dedffb8f9fbfce8f0ce40a4e8b,2,de42185a100e94d874030d7df9728cfb0a3787f0f59e9b57c02a9b05b03b7aaf,/cases/7/result/parts/up/ports
qwen36_35b_a3b/ffn_or_moe/64,qwen36_35b_a3b,995ad96eacd98c81ed38be0c5b274b04031597b0,3,ffn_or_moe,64,,up,operator,131072,1048576,1/8,,"[512,2048]",1,1048576,1048576,64,,,,,,,table_IIb/02_ffn_moe,table_IIb/02_ffn_moe/data/results.json,5fc920987cd169108e39c72b5c844d0217b504dedffb8f9fbfce8f0ce40a4e8b,2,de42185a100e94d874030d7df9728cfb0a3787f0f59e9b57c02a9b05b03b7aaf,/cases/7/result/parts/up/operator
qwen36_35b_a3b/ffn_or_moe/64,qwen36_35b_a3b,995ad96eacd98c81ed38be0c5b274b04031597b0,3,ffn_or_moe,64,,down,ports,524288,1048576,1/2,4096,"[2048,512]",1,1048576,1048576,64,,,,,,,table_IIb/02_ffn_moe,table_IIb/02_ffn_moe/data/results.json,5fc920987cd169108e39c72b5c844d0217b504dedffb8f9fbfce8f0ce40a4e8b,2,de42185a100e94d874030d7df9728cfb0a3787f0f59e9b57c02a9b05b03b7aaf,/cases/7/result/parts/down/ports
qwen36_35b_a3b/ffn_or_moe/64,qwen36_35b_a3b,995ad96eacd98c81ed38be0c5b274b04031597b0,3,ffn_or_moe,64,,down,operator,32768,1048576,1/32,,"[2048,512]",1,1048576,1048576,64,,,,,,,table_IIb/02_ffn_moe,table_IIb/02_ffn_moe/data/results.json,5fc920987cd169108e39c72b5c844d0217b504dedffb8f9fbfce8f0ce40a4e8b,2,de42185a100e94d874030d7df9728cfb0a3787f0f59e9b57c02a9b05b03b7aaf,/cases/7/result/parts/down/operator
qwen36_35b_a3b/ffn_or_moe/512,qwen36_35b_a3b,995ad96eacd98c81ed38be0c5b274b04031597b0,3,ffn_or_moe,512,,total,ports,12582912,3145728,4,98304,,,3145728,3145728,192,1048576,,,,,,table_IIb/02_ffn_moe,table_IIb/02_ffn_moe/data/results.json,5fc920987cd169108e39c72b5c844d0217b504dedffb8f9fbfce8f0ce40a4e8b,2,de42185a100e94d874030d7df9728cfb0a3787f0f59e9b57c02a9b05b03b7aaf,/cases/8/result/ports
qwen36_35b_a3b/ffn_or_moe/512,qwen36_35b_a3b,995ad96eacd98c81ed38be0c5b274b04031597b0,3,ffn_or_moe,512,,total,operator,1310720,3145728,5/12,,,,3145728,3145728,192,1048576,,,,,,table_IIb/02_ffn_moe,table_IIb/02_ffn_moe/data/results.json,5fc920987cd169108e39c72b5c844d0217b504dedffb8f9fbfce8f0ce40a4e8b,2,de42185a100e94d874030d7df9728cfb0a3787f0f59e9b57c02a9b05b03b7aaf,/cases/8/result/operator
qwen36_35b_a3b/ffn_or_moe/512,qwen36_35b_a3b,995ad96eacd98c81ed38be0c5b274b04031597b0,3,ffn_or_moe,512,,gate,ports,4194304,1048576,4,32768,"[512,2048]",1,1048576,1048576,64,,,,,,,table_IIb/02_ffn_moe,table_IIb/02_ffn_moe/data/results.json,5fc920987cd169108e39c72b5c844d0217b504dedffb8f9fbfce8f0ce40a4e8b,2,de42185a100e94d874030d7df9728cfb0a3787f0f59e9b57c02a9b05b03b7aaf,/cases/8/result/parts/gate/ports
qwen36_35b_a3b/ffn_or_moe/512,qwen36_35b_a3b,995ad96eacd98c81ed38be0c5b274b04031597b0,3,ffn_or_moe,512,,gate,operator,1048576,1048576,1,,"[512,2048]",1,1048576,1048576,64,,,,,,,table_IIb/02_ffn_moe,table_IIb/02_ffn_moe/data/results.json,5fc920987cd169108e39c72b5c844d0217b504dedffb8f9fbfce8f0ce40a4e8b,2,de42185a100e94d874030d7df9728cfb0a3787f0f59e9b57c02a9b05b03b7aaf,/cases/8/result/parts/gate/operator
qwen36_35b_a3b/ffn_or_moe/512,qwen36_35b_a3b,995ad96eacd98c81ed38be0c5b274b04031597b0,3,ffn_or_moe,512,,up,ports,4194304,1048576,4,32768,"[512,2048]",1,1048576,1048576,64,,,,,,,table_IIb/02_ffn_moe,table_IIb/02_ffn_moe/data/results.json,5fc920987cd169108e39c72b5c844d0217b504dedffb8f9fbfce8f0ce40a4e8b,2,de42185a100e94d874030d7df9728cfb0a3787f0f59e9b57c02a9b05b03b7aaf,/cases/8/result/parts/up/ports
qwen36_35b_a3b/ffn_or_moe/512,qwen36_35b_a3b,995ad96eacd98c81ed38be0c5b274b04031597b0,3,ffn_or_moe,512,,up,operator,1048576,1048576,1,,"[512,2048]",1,1048576,1048576,64,,,,,,,table_IIb/02_ffn_moe,table_IIb/02_ffn_moe/data/results.json,5fc920987cd169108e39c72b5c844d0217b504dedffb8f9fbfce8f0ce40a4e8b,2,de42185a100e94d874030d7df9728cfb0a3787f0f59e9b57c02a9b05b03b7aaf,/cases/8/result/parts/up/operator
qwen36_35b_a3b/ffn_or_moe/512,qwen36_35b_a3b,995ad96eacd98c81ed38be0c5b274b04031597b0,3,ffn_or_moe,512,,down,ports,4194304,1048576,4,32768,"[2048,512]",1,1048576,1048576,64,,,,,,,table_IIb/02_ffn_moe,table_IIb/02_ffn_moe/data/results.json,5fc920987cd169108e39c72b5c844d0217b504dedffb8f9fbfce8f0ce40a4e8b,2,de42185a100e94d874030d7df9728cfb0a3787f0f59e9b57c02a9b05b03b7aaf,/cases/8/result/parts/down/ports
qwen36_35b_a3b/ffn_or_moe/512,qwen36_35b_a3b,995ad96eacd98c81ed38be0c5b274b04031597b0,3,ffn_or_moe,512,,down,operator,262144,1048576,1/4,,"[2048,512]",1,1048576,1048576,64,,,,,,,table_IIb/02_ffn_moe,table_IIb/02_ffn_moe/data/results.json,5fc920987cd169108e39c72b5c844d0217b504dedffb8f9fbfce8f0ce40a4e8b,2,de42185a100e94d874030d7df9728cfb0a3787f0f59e9b57c02a9b05b03b7aaf,/cases/8/result/parts/down/operator
qwen36_35b_a3b/attention_prefill/1024,qwen36_35b_a3b,995ad96eacd98c81ed38be0c5b274b04031597b0,3,attention_prefill,,1024,total,ports,35667968,1048576,2177/64,294912,,,1048576,1048576,64,0,0,1024,0,1024,,table_IIb/03_attention,table_IIb/03_attention/data/results.json,7f552ac50508897407e7856c96221a3a73e2ac28ff5629b512a9f35736875107,1,e0e1012922866def44382db5340c409bce49d90a85ab6f7642d96174d65e2cfa,/cases/12/result/ports
qwen36_35b_a3b/attention_prefill/1024,qwen36_35b_a3b,995ad96eacd98c81ed38be0c5b274b04031597b0,3,attention_prefill,,1024,total,operator,12591104,1048576,1537/128,,,,1048576,1048576,64,0,0,1024,0,1024,,table_IIb/03_attention,table_IIb/03_attention/data/results.json,7f552ac50508897407e7856c96221a3a73e2ac28ff5629b512a9f35736875107,1,e0e1012922866def44382db5340c409bce49d90a85ab6f7642d96174d65e2cfa,/cases/12/result/operator
qwen36_35b_a3b/attention_prefill/1024,qwen36_35b_a3b,995ad96eacd98c81ed38be0c5b274b04031597b0,3,attention_prefill,,1024,QK,ports,18874368,524288,36,147456,"[1024,256]",2,524288,524288,32,,,,,,"{""valid_slice_N_K_per_head_per_token"":[[1,128],[1,128]],""logical_slice_write_events"":4096,""events_are_not_device_write_transactions"":true,""per_token_logical_slice_write_events"":4,""valid_write_bytes_per_token"":512}",table_IIb/03_attention,table_IIb/03_attention/data/results.json,7f552ac50508897407e7856c96221a3a73e2ac28ff5629b512a9f35736875107,1,e0e1012922866def44382db5340c409bce49d90a85ab6f7642d96174d65e2cfa,/cases/12/result/parts/QK/ports
qwen36_35b_a3b/attention_prefill/1024,qwen36_35b_a3b,995ad96eacd98c81ed38be0c5b274b04031597b0,3,attention_prefill,,1024,QK,operator,4194304,524288,8,,"[1024,256]",2,524288,524288,32,,,,,,"{""valid_slice_N_K_per_head_per_token"":[[1,128],[1,128]],""logical_slice_write_events"":4096,""events_are_not_device_write_transactions"":true,""per_token_logical_slice_write_events"":4,""valid_write_bytes_per_token"":512}",table_IIb/03_attention,table_IIb/03_attention/data/results.json,7f552ac50508897407e7856c96221a3a73e2ac28ff5629b512a9f35736875107,1,e0e1012922866def44382db5340c409bce49d90a85ab6f7642d96174d65e2cfa,/cases/12/result/parts/QK/operator
qwen36_35b_a3b/attention_prefill/1024,qwen36_35b_a3b,995ad96eacd98c81ed38be0c5b274b04031597b0,3,attention_prefill,,1024,AV,ports,16793600,524288,1025/32,147456,"[256,1024]",2,524288,524288,32,,,,,,"{""valid_slice_N_K_per_head_per_token"":[[128,1],[128,1]],""logical_slice_write_events"":4096,""events_are_not_device_write_transactions"":true,""per_token_logical_slice_write_events"":4,""valid_write_bytes_per_token"":512}",table_IIb/03_attention,table_IIb/03_attention/data/results.json,7f552ac50508897407e7856c96221a3a73e2ac28ff5629b512a9f35736875107,1,e0e1012922866def44382db5340c409bce49d90a85ab6f7642d96174d65e2cfa,/cases/12/result/parts/AV/ports
qwen36_35b_a3b/attention_prefill/1024,qwen36_35b_a3b,995ad96eacd98c81ed38be0c5b274b04031597b0,3,attention_prefill,,1024,AV,operator,8396800,524288,1025/64,,"[256,1024]",2,524288,524288,32,,,,,,"{""valid_slice_N_K_per_head_per_token"":[[128,1],[128,1]],""logical_slice_write_events"":4096,""events_are_not_device_write_transactions"":true,""per_token_logical_slice_write_events"":4,""valid_write_bytes_per_token"":512}",table_IIb/03_attention,table_IIb/03_attention/data/results.json,7f552ac50508897407e7856c96221a3a73e2ac28ff5629b512a9f35736875107,1,e0e1012922866def44382db5340c409bce49d90a85ab6f7642d96174d65e2cfa,/cases/12/result/parts/AV/operator
qwen36_35b_a3b/attention_prefill/16384,qwen36_35b_a3b,995ad96eacd98c81ed38be0c5b274b04031597b0,3,attention_prefill,,16384,total,ports,8623751168,16777216,32897/64,67633152,,,16777216,16777216,1024,0,0,16384,0,16384,,table_IIb/03_attention,table_IIb/03_attention/data/results.json,7f552ac50508897407e7856c96221a3a73e2ac28ff5629b512a9f35736875107,1,e0e1012922866def44382db5340c409bce49d90a85ab6f7642d96174d65e2cfa,/cases/13/result/ports
qwen36_35b_a3b/attention_prefill/16384,qwen36_35b_a3b,995ad96eacd98c81ed38be0c5b274b04031597b0,3,attention_prefill,,16384,total,operator,2214723584,16777216,16897/128,,,,16777216,16777216,1024,0,0,16384,0,16384,,table_IIb/03_attention,table_IIb/03_attention/data/results.json,7f552ac50508897407e7856c96221a3a73e2ac28ff5629b512a9f35736875107,1,e0e1012922866def44382db5340c409bce49d90a85ab6f7642d96174d65e2cfa,/cases/13/result/operator
qwen36_35b_a3b/attention_prefill/16384,qwen36_35b_a3b,995ad96eacd98c81ed38be0c5b274b04031597b0,3,attention_prefill,,16384,QK,ports,4328521728,8388608,516,33816576,"[16384,256]",2,8388608,8388608,512,,,,,,"{""valid_slice_N_K_per_head_per_token"":[[1,128],[1,128]],""logical_slice_write_events"":65536,""events_are_not_device_write_transactions"":true,""per_token_logical_slice_write_events"":4,""valid_write_bytes_per_token"":512}",table_IIb/03_attention,table_IIb/03_attention/data/results.json,7f552ac50508897407e7856c96221a3a73e2ac28ff5629b512a9f35736875107,1,e0e1012922866def44382db5340c409bce49d90a85ab6f7642d96174d65e2cfa,/cases/13/result/parts/QK/ports
qwen36_35b_a3b/attention_prefill/16384,qwen36_35b_a3b,995ad96eacd98c81ed38be0c5b274b04031597b0,3,attention_prefill,,16384,QK,operator,67108864,8388608,8,,"[16384,256]",2,8388608,8388608,512,,,,,,"{""valid_slice_N_K_per_head_per_token"":[[1,128],[1,128]],""logical_slice_write_events"":65536,""events_are_not_device_write_transactions"":true,""per_token_logical_slice_write_events"":4,""valid_write_bytes_per_token"":512}",table_IIb/03_attention,table_IIb/03_attention/data/results.json,7f552ac50508897407e7856c96221a3a73e2ac28ff5629b512a9f35736875107,1,e0e1012922866def44382db5340c409bce49d90a85ab6f7642d96174d65e2cfa,/cases/13/result/parts/QK/operator
qwen36_35b_a3b/attention_prefill/16384,qwen36_35b_a3b,995ad96eacd98c81ed38be0c5b274b04031597b0,3,attention_prefill,,16384,AV,ports,4295229440,8388608,16385/32,33816576,"[256,16384]",2,8388608,8388608,512,,,,,,"{""valid_slice_N_K_per_head_per_token"":[[128,1],[128,1]],""logical_slice_write_events"":65536,""events_are_not_device_write_transactions"":true,""per_token_logical_slice_write_events"":4,""valid_write_bytes_per_token"":512}",table_IIb/03_attention,table_IIb/03_attention/data/results.json,7f552ac50508897407e7856c96221a3a73e2ac28ff5629b512a9f35736875107,1,e0e1012922866def44382db5340c409bce49d90a85ab6f7642d96174d65e2cfa,/cases/13/result/parts/AV/ports
qwen36_35b_a3b/attention_prefill/16384,qwen36_35b_a3b,995ad96eacd98c81ed38be0c5b274b04031597b0,3,attention_prefill,,16384,AV,operator,2147614720,8388608,16385/64,,"[256,16384]",2,8388608,8388608,512,,,,,,"{""valid_slice_N_K_per_head_per_token"":[[128,1],[128,1]],""logical_slice_write_events"":65536,""events_are_not_device_write_transactions"":true,""per_token_logical_slice_write_events"":4,""valid_write_bytes_per_token"":512}",table_IIb/03_attention,table_IIb/03_attention/data/results.json,7f552ac50508897407e7856c96221a3a73e2ac28ff5629b512a9f35736875107,1,e0e1012922866def44382db5340c409bce49d90a85ab6f7642d96174d65e2cfa,/cases/13/result/parts/AV/operator
qwen36_35b_a3b/attention_prefill/131072,qwen36_35b_a3b,995ad96eacd98c81ed38be0c5b274b04031597b0,3,attention_prefill,,131072,total,ports,550026346496,134217728,262273/64,4299161600,,,134217728,134217728,8192,0,0,131072,0,131072,,table_IIb/03_attention,table_IIb/03_attention/data/results.json,7f552ac50508897407e7856c96221a3a73e2ac28ff5629b512a9f35736875107,1,e0e1012922866def44382db5340c409bce49d90a85ab6f7642d96174d65e2cfa,/cases/14/result/ports
qwen36_35b_a3b/attention_prefill/131072,qwen36_35b_a3b,995ad96eacd98c81ed38be0c5b274b04031597b0,3,attention_prefill,,131072,total,operator,137976872960,134217728,131585/128,,,,134217728,134217728,8192,0,0,131072,0,131072,,table_IIb/03_attention,table_IIb/03_attention/data/results.json,7f552ac50508897407e7856c96221a3a73e2ac28ff5629b512a9f35736875107,1,e0e1012922866def44382db5340c409bce49d90a85ab6f7642d96174d65e2cfa,/cases/14/result/operator
qwen36_35b_a3b/attention_prefill/131072,qwen36_35b_a3b,995ad96eacd98c81ed38be0c5b274b04031597b0,3,attention_prefill,,131072,QK,ports,275146342400,67108864,4100,2149580800,"[131072,256]",2,67108864,67108864,4096,,,,,,"{""valid_slice_N_K_per_head_per_token"":[[1,128],[1,128]],""logical_slice_write_events"":524288,""events_are_not_device_write_transactions"":true,""per_token_logical_slice_write_events"":4,""valid_write_bytes_per_token"":512}",table_IIb/03_attention,table_IIb/03_attention/data/results.json,7f552ac50508897407e7856c96221a3a73e2ac28ff5629b512a9f35736875107,1,e0e1012922866def44382db5340c409bce49d90a85ab6f7642d96174d65e2cfa,/cases/14/result/parts/QK/ports
qwen36_35b_a3b/attention_prefill/131072,qwen36_35b_a3b,995ad96eacd98c81ed38be0c5b274b04031597b0,3,attention_prefill,,131072,QK,operator,536870912,67108864,8,,"[131072,256]",2,67108864,67108864,4096,,,,,,"{""valid_slice_N_K_per_head_per_token"":[[1,128],[1,128]],""logical_slice_write_events"":524288,""events_are_not_device_write_transactions"":true,""per_token_logical_slice_write_events"":4,""valid_write_bytes_per_token"":512}",table_IIb/03_attention,table_IIb/03_attention/data/results.json,7f552ac50508897407e7856c96221a3a73e2ac28ff5629b512a9f35736875107,1,e0e1012922866def44382db5340c409bce49d90a85ab6f7642d96174d65e2cfa,/cases/14/result/parts/QK/operator
qwen36_35b_a3b/attention_prefill/131072,qwen36_35b_a3b,995ad96eacd98c81ed38be0c5b274b04031597b0,3,attention_prefill,,131072,AV,ports,274880004096,67108864,131073/32,2149580800,"[256,131072]",2,67108864,67108864,4096,,,,,,"{""valid_slice_N_K_per_head_per_token"":[[128,1],[128,1]],""logical_slice_write_events"":524288,""events_are_not_device_write_transactions"":true,""per_token_logical_slice_write_events"":4,""valid_write_bytes_per_token"":512}",table_IIb/03_attention,table_IIb/03_attention/data/results.json,7f552ac50508897407e7856c96221a3a73e2ac28ff5629b512a9f35736875107,1,e0e1012922866def44382db5340c409bce49d90a85ab6f7642d96174d65e2cfa,/cases/14/result/parts/AV/ports
qwen36_35b_a3b/attention_prefill/131072,qwen36_35b_a3b,995ad96eacd98c81ed38be0c5b274b04031597b0,3,attention_prefill,,131072,AV,operator,137440002048,67108864,131073/64,,"[256,131072]",2,67108864,67108864,4096,,,,,,"{""valid_slice_N_K_per_head_per_token"":[[128,1],[128,1]],""logical_slice_write_events"":524288,""events_are_not_device_write_transactions"":true,""per_token_logical_slice_write_events"":4,""valid_write_bytes_per_token"":512}",table_IIb/03_attention,table_IIb/03_attention/data/results.json,7f552ac50508897407e7856c96221a3a73e2ac28ff5629b512a9f35736875107,1,e0e1012922866def44382db5340c409bce49d90a85ab6f7642d96174d65e2cfa,/cases/14/result/parts/AV/operator
qwen36_35b_a3b/attention_decode/1024,qwen36_35b_a3b,995ad96eacd98c81ed38be0c5b274b04031597b0,3,attention_decode,,1024,total,ports,65536,1024,64,512,,,1048576,1048576,64,0,1023,1024,1047552,1,,table_IIb/03_attention,table_IIb/03_attention/data/results.json,7f552ac50508897407e7856c96221a3a73e2ac28ff5629b512a9f35736875107,1,e0e1012922866def44382db5340c409bce49d90a85ab6f7642d96174d65e2cfa,/cases/15/result/ports
qwen36_35b_a3b/attention_decode/1024,qwen36_35b_a3b,995ad96eacd98c81ed38be0c5b274b04031597b0,3,attention_decode,,1024,total,operator,20480,1024,20,,,,1048576,1048576,64,0,1023,1024,1047552,1,,table_IIb/03_attention,table_IIb/03_attention/data/results.json,7f552ac50508897407e7856c96221a3a73e2ac28ff5629b512a9f35736875107,1,e0e1012922866def44382db5340c409bce49d90a85ab6f7642d96174d65e2cfa,/cases/15/result/operator
qwen36_35b_a3b/attention_decode/1024,qwen36_35b_a3b,995ad96eacd98c81ed38be0c5b274b04031597b0,3,attention_decode,,1024,QK,ports,32768,512,64,256,"[1024,256]",2,524288,524288,32,,,,,,"{""valid_slice_N_K_per_head_per_token"":[[1,128],[1,128]],""logical_slice_write_events"":4,""events_are_not_device_write_transactions"":true,""per_token_logical_slice_write_events"":4,""valid_write_bytes_per_token"":512}",table_IIb/03_attention,table_IIb/03_attention/data/results.json,7f552ac50508897407e7856c96221a3a73e2ac28ff5629b512a9f35736875107,1,e0e1012922866def44382db5340c409bce49d90a85ab6f7642d96174d65e2cfa,/cases/15/result/parts/QK/ports
qwen36_35b_a3b/attention_decode/1024,qwen36_35b_a3b,995ad96eacd98c81ed38be0c5b274b04031597b0,3,attention_decode,,1024,QK,operator,4096,512,8,,"[1024,256]",2,524288,524288,32,,,,,,"{""valid_slice_N_K_per_head_per_token"":[[1,128],[1,128]],""logical_slice_write_events"":4,""events_are_not_device_write_transactions"":true,""per_token_logical_slice_write_events"":4,""valid_write_bytes_per_token"":512}",table_IIb/03_attention,table_IIb/03_attention/data/results.json,7f552ac50508897407e7856c96221a3a73e2ac28ff5629b512a9f35736875107,1,e0e1012922866def44382db5340c409bce49d90a85ab6f7642d96174d65e2cfa,/cases/15/result/parts/QK/operator
qwen36_35b_a3b/attention_decode/1024,qwen36_35b_a3b,995ad96eacd98c81ed38be0c5b274b04031597b0,3,attention_decode,,1024,AV,ports,32768,512,64,256,"[256,1024]",2,524288,524288,32,,,,,,"{""valid_slice_N_K_per_head_per_token"":[[128,1],[128,1]],""logical_slice_write_events"":4,""events_are_not_device_write_transactions"":true,""per_token_logical_slice_write_events"":4,""valid_write_bytes_per_token"":512}",table_IIb/03_attention,table_IIb/03_attention/data/results.json,7f552ac50508897407e7856c96221a3a73e2ac28ff5629b512a9f35736875107,1,e0e1012922866def44382db5340c409bce49d90a85ab6f7642d96174d65e2cfa,/cases/15/result/parts/AV/ports
qwen36_35b_a3b/attention_decode/1024,qwen36_35b_a3b,995ad96eacd98c81ed38be0c5b274b04031597b0,3,attention_decode,,1024,AV,operator,16384,512,32,,"[256,1024]",2,524288,524288,32,,,,,,"{""valid_slice_N_K_per_head_per_token"":[[128,1],[128,1]],""logical_slice_write_events"":4,""events_are_not_device_write_transactions"":true,""per_token_logical_slice_write_events"":4,""valid_write_bytes_per_token"":512}",table_IIb/03_attention,table_IIb/03_attention/data/results.json,7f552ac50508897407e7856c96221a3a73e2ac28ff5629b512a9f35736875107,1,e0e1012922866def44382db5340c409bce49d90a85ab6f7642d96174d65e2cfa,/cases/15/result/parts/AV/operator
qwen36_35b_a3b/attention_decode/16384,qwen36_35b_a3b,995ad96eacd98c81ed38be0c5b274b04031597b0,3,attention_decode,,16384,total,ports,1048576,1024,1024,8192,,,16777216,16777216,1024,0,16383,16384,16776192,1,,table_IIb/03_attention,table_IIb/03_attention/data/results.json,7f552ac50508897407e7856c96221a3a73e2ac28ff5629b512a9f35736875107,1,e0e1012922866def44382db5340c409bce49d90a85ab6f7642d96174d65e2cfa,/cases/16/result/ports
qwen36_35b_a3b/attention_decode/16384,qwen36_35b_a3b,995ad96eacd98c81ed38be0c5b274b04031597b0,3,attention_decode,,16384,total,operator,266240,1024,260,,,,16777216,16777216,1024,0,16383,16384,16776192,1,,table_IIb/03_attention,table_IIb/03_attention/data/results.json,7f552ac50508897407e7856c96221a3a73e2ac28ff5629b512a9f35736875107,1,e0e1012922866def44382db5340c409bce49d90a85ab6f7642d96174d65e2cfa,/cases/16/result/operator
qwen36_35b_a3b/attention_decode/16384,qwen36_35b_a3b,995ad96eacd98c81ed38be0c5b274b04031597b0,3,attention_decode,,16384,QK,ports,524288,512,1024,4096,"[16384,256]",2,8388608,8388608,512,,,,,,"{""valid_slice_N_K_per_head_per_token"":[[1,128],[1,128]],""logical_slice_write_events"":4,""events_are_not_device_write_transactions"":true,""per_token_logical_slice_write_events"":4,""valid_write_bytes_per_token"":512}",table_IIb/03_attention,table_IIb/03_attention/data/results.json,7f552ac50508897407e7856c96221a3a73e2ac28ff5629b512a9f35736875107,1,e0e1012922866def44382db5340c409bce49d90a85ab6f7642d96174d65e2cfa,/cases/16/result/parts/QK/ports
qwen36_35b_a3b/attention_decode/16384,qwen36_35b_a3b,995ad96eacd98c81ed38be0c5b274b04031597b0,3,attention_decode,,16384,QK,operator,4096,512,8,,"[16384,256]",2,8388608,8388608,512,,,,,,"{""valid_slice_N_K_per_head_per_token"":[[1,128],[1,128]],""logical_slice_write_events"":4,""events_are_not_device_write_transactions"":true,""per_token_logical_slice_write_events"":4,""valid_write_bytes_per_token"":512}",table_IIb/03_attention,table_IIb/03_attention/data/results.json,7f552ac50508897407e7856c96221a3a73e2ac28ff5629b512a9f35736875107,1,e0e1012922866def44382db5340c409bce49d90a85ab6f7642d96174d65e2cfa,/cases/16/result/parts/QK/operator
qwen36_35b_a3b/attention_decode/16384,qwen36_35b_a3b,995ad96eacd98c81ed38be0c5b274b04031597b0,3,attention_decode,,16384,AV,ports,524288,512,1024,4096,"[256,16384]",2,8388608,8388608,512,,,,,,"{""valid_slice_N_K_per_head_per_token"":[[128,1],[128,1]],""logical_slice_write_events"":4,""events_are_not_device_write_transactions"":true,""per_token_logical_slice_write_events"":4,""valid_write_bytes_per_token"":512}",table_IIb/03_attention,table_IIb/03_attention/data/results.json,7f552ac50508897407e7856c96221a3a73e2ac28ff5629b512a9f35736875107,1,e0e1012922866def44382db5340c409bce49d90a85ab6f7642d96174d65e2cfa,/cases/16/result/parts/AV/ports
qwen36_35b_a3b/attention_decode/16384,qwen36_35b_a3b,995ad96eacd98c81ed38be0c5b274b04031597b0,3,attention_decode,,16384,AV,operator,262144,512,512,,"[256,16384]",2,8388608,8388608,512,,,,,,"{""valid_slice_N_K_per_head_per_token"":[[128,1],[128,1]],""logical_slice_write_events"":4,""events_are_not_device_write_transactions"":true,""per_token_logical_slice_write_events"":4,""valid_write_bytes_per_token"":512}",table_IIb/03_attention,table_IIb/03_attention/data/results.json,7f552ac50508897407e7856c96221a3a73e2ac28ff5629b512a9f35736875107,1,e0e1012922866def44382db5340c409bce49d90a85ab6f7642d96174d65e2cfa,/cases/16/result/parts/AV/operator
qwen36_35b_a3b/attention_decode/131072,qwen36_35b_a3b,995ad96eacd98c81ed38be0c5b274b04031597b0,3,attention_decode,,131072,total,ports,8388608,1024,8192,65536,,,134217728,134217728,8192,0,131071,131072,134216704,1,,table_IIb/03_attention,table_IIb/03_attention/data/results.json,7f552ac50508897407e7856c96221a3a73e2ac28ff5629b512a9f35736875107,1,e0e1012922866def44382db5340c409bce49d90a85ab6f7642d96174d65e2cfa,/cases/17/result/ports
qwen36_35b_a3b/attention_decode/131072,qwen36_35b_a3b,995ad96eacd98c81ed38be0c5b274b04031597b0,3,attention_decode,,131072,total,operator,2101248,1024,2052,,,,134217728,134217728,8192,0,131071,131072,134216704,1,,table_IIb/03_attention,table_IIb/03_attention/data/results.json,7f552ac50508897407e7856c96221a3a73e2ac28ff5629b512a9f35736875107,1,e0e1012922866def44382db5340c409bce49d90a85ab6f7642d96174d65e2cfa,/cases/17/result/operator
qwen36_35b_a3b/attention_decode/131072,qwen36_35b_a3b,995ad96eacd98c81ed38be0c5b274b04031597b0,3,attention_decode,,131072,QK,ports,4194304,512,8192,32768,"[131072,256]",2,67108864,67108864,4096,,,,,,"{""valid_slice_N_K_per_head_per_token"":[[1,128],[1,128]],""logical_slice_write_events"":4,""events_are_not_device_write_transactions"":true,""per_token_logical_slice_write_events"":4,""valid_write_bytes_per_token"":512}",table_IIb/03_attention,table_IIb/03_attention/data/results.json,7f552ac50508897407e7856c96221a3a73e2ac28ff5629b512a9f35736875107,1,e0e1012922866def44382db5340c409bce49d90a85ab6f7642d96174d65e2cfa,/cases/17/result/parts/QK/ports
qwen36_35b_a3b/attention_decode/131072,qwen36_35b_a3b,995ad96eacd98c81ed38be0c5b274b04031597b0,3,attention_decode,,131072,QK,operator,4096,512,8,,"[131072,256]",2,67108864,67108864,4096,,,,,,"{""valid_slice_N_K_per_head_per_token"":[[1,128],[1,128]],""logical_slice_write_events"":4,""events_are_not_device_write_transactions"":true,""per_token_logical_slice_write_events"":4,""valid_write_bytes_per_token"":512}",table_IIb/03_attention,table_IIb/03_attention/data/results.json,7f552ac50508897407e7856c96221a3a73e2ac28ff5629b512a9f35736875107,1,e0e1012922866def44382db5340c409bce49d90a85ab6f7642d96174d65e2cfa,/cases/17/result/parts/QK/operator
qwen36_35b_a3b/attention_decode/131072,qwen36_35b_a3b,995ad96eacd98c81ed38be0c5b274b04031597b0,3,attention_decode,,131072,AV,ports,4194304,512,8192,32768,"[256,131072]",2,67108864,67108864,4096,,,,,,"{""valid_slice_N_K_per_head_per_token"":[[128,1],[128,1]],""logical_slice_write_events"":4,""events_are_not_device_write_transactions"":true,""per_token_logical_slice_write_events"":4,""valid_write_bytes_per_token"":512}",table_IIb/03_attention,table_IIb/03_attention/data/results.json,7f552ac50508897407e7856c96221a3a73e2ac28ff5629b512a9f35736875107,1,e0e1012922866def44382db5340c409bce49d90a85ab6f7642d96174d65e2cfa,/cases/17/result/parts/AV/ports
qwen36_35b_a3b/attention_decode/131072,qwen36_35b_a3b,995ad96eacd98c81ed38be0c5b274b04031597b0,3,attention_decode,,131072,AV,operator,2097152,512,4096,,"[256,131072]",2,67108864,67108864,4096,,,,,,"{""valid_slice_N_K_per_head_per_token"":[[128,1],[128,1]],""logical_slice_write_events"":4,""events_are_not_device_write_transactions"":true,""per_token_logical_slice_write_events"":4,""valid_write_bytes_per_token"":512}",table_IIb/03_attention,table_IIb/03_attention/data/results.json,7f552ac50508897407e7856c96221a3a73e2ac28ff5629b512a9f35736875107,1,e0e1012922866def44382db5340c409bce49d90a85ab6f7642d96174d65e2cfa,/cases/17/result/parts/AV/operator
hy3_295b/qkv_projection/one_token,hy3_295b,a960ebc3da325ba167f069f76c41eb62c9280d22,1,qkv_projection,,,total,ports,327680,0,∞,2560,,,41943040,41943040,2560,8192,,,,,,table_IIb/01_qkv_projection,table_IIb/01_qkv_projection/data/results.json,c342f0781f396df3d18d6bfcc94bdef95c3846f9985a8ca0e038297f0ef69a27,2,6377df5399a9a6333fa9a7374c93047504437936cac7d1b596046aba82eb1297,/cases/3/result/ports
hy3_295b/qkv_projection/one_token,hy3_295b,a960ebc3da325ba167f069f76c41eb62c9280d22,1,qkv_projection,,,total,operator,4096,0,∞,,,,41943040,41943040,2560,8192,,,,,,table_IIb/01_qkv_projection,table_IIb/01_qkv_projection/data/results.json,c342f0781f396df3d18d6bfcc94bdef95c3846f9985a8ca0e038297f0ef69a27,2,6377df5399a9a6333fa9a7374c93047504437936cac7d1b596046aba82eb1297,/cases/3/result/operator
hy3_295b/qkv_projection/one_token,hy3_295b,a960ebc3da325ba167f069f76c41eb62c9280d22,1,qkv_projection,,,Q,ports,262144,0,∞,2048,"[8192,4096]",1,33554432,33554432,2048,,,,,,,table_IIb/01_qkv_projection,table_IIb/01_qkv_projection/data/results.json,c342f0781f396df3d18d6bfcc94bdef95c3846f9985a8ca0e038297f0ef69a27,2,6377df5399a9a6333fa9a7374c93047504437936cac7d1b596046aba82eb1297,/cases/3/result/parts/Q/ports
hy3_295b/qkv_projection/one_token,hy3_295b,a960ebc3da325ba167f069f76c41eb62c9280d22,1,qkv_projection,,,Q,operator,4096,0,∞,,"[8192,4096]",1,33554432,33554432,2048,,,,,,,table_IIb/01_qkv_projection,table_IIb/01_qkv_projection/data/results.json,c342f0781f396df3d18d6bfcc94bdef95c3846f9985a8ca0e038297f0ef69a27,2,6377df5399a9a6333fa9a7374c93047504437936cac7d1b596046aba82eb1297,/cases/3/result/parts/Q/operator
hy3_295b/qkv_projection/one_token,hy3_295b,a960ebc3da325ba167f069f76c41eb62c9280d22,1,qkv_projection,,,K,ports,32768,0,∞,256,"[1024,4096]",1,4194304,4194304,256,,,,,,,table_IIb/01_qkv_projection,table_IIb/01_qkv_projection/data/results.json,c342f0781f396df3d18d6bfcc94bdef95c3846f9985a8ca0e038297f0ef69a27,2,6377df5399a9a6333fa9a7374c93047504437936cac7d1b596046aba82eb1297,/cases/3/result/parts/K/ports
hy3_295b/qkv_projection/one_token,hy3_295b,a960ebc3da325ba167f069f76c41eb62c9280d22,1,qkv_projection,,,K,operator,4096,0,∞,,"[1024,4096]",1,4194304,4194304,256,,,,,,,table_IIb/01_qkv_projection,table_IIb/01_qkv_projection/data/results.json,c342f0781f396df3d18d6bfcc94bdef95c3846f9985a8ca0e038297f0ef69a27,2,6377df5399a9a6333fa9a7374c93047504437936cac7d1b596046aba82eb1297,/cases/3/result/parts/K/operator
hy3_295b/qkv_projection/one_token,hy3_295b,a960ebc3da325ba167f069f76c41eb62c9280d22,1,qkv_projection,,,V,ports,32768,0,∞,256,"[1024,4096]",1,4194304,4194304,256,,,,,,,table_IIb/01_qkv_projection,table_IIb/01_qkv_projection/data/results.json,c342f0781f396df3d18d6bfcc94bdef95c3846f9985a8ca0e038297f0ef69a27,2,6377df5399a9a6333fa9a7374c93047504437936cac7d1b596046aba82eb1297,/cases/3/result/parts/V/ports
hy3_295b/qkv_projection/one_token,hy3_295b,a960ebc3da325ba167f069f76c41eb62c9280d22,1,qkv_projection,,,V,operator,4096,0,∞,,"[1024,4096]",1,4194304,4194304,256,,,,,,,table_IIb/01_qkv_projection,table_IIb/01_qkv_projection/data/results.json,c342f0781f396df3d18d6bfcc94bdef95c3846f9985a8ca0e038297f0ef69a27,2,6377df5399a9a6333fa9a7374c93047504437936cac7d1b596046aba82eb1297,/cases/3/result/parts/V/operator
hy3_295b/ffn_or_moe/8,hy3_295b,a960ebc3da325ba167f069f76c41eb62c9280d22,1,ffn_or_moe,8,,total,ports,1179648,18874368,1/16,9216,,,18874368,18874368,1152,32768,,,,,,table_IIb/02_ffn_moe,table_IIb/02_ffn_moe/data/results.json,5fc920987cd169108e39c72b5c844d0217b504dedffb8f9fbfce8f0ce40a4e8b,2,de42185a100e94d874030d7df9728cfb0a3787f0f59e9b57c02a9b05b03b7aaf,/cases/9/result/ports
hy3_295b/ffn_or_moe/8,hy3_295b,a960ebc3da325ba167f069f76c41eb62c9280d22,1,ffn_or_moe,8,,total,operator,45056,18874368,11/4608,,,,18874368,18874368,1152,32768,,,,,,table_IIb/02_ffn_moe,table_IIb/02_ffn_moe/data/results.json,5fc920987cd169108e39c72b5c844d0217b504dedffb8f9fbfce8f0ce40a4e8b,2,de42185a100e94d874030d7df9728cfb0a3787f0f59e9b57c02a9b05b03b7aaf,/cases/9/result/operator
hy3_295b/ffn_or_moe/8,hy3_295b,a960ebc3da325ba167f069f76c41eb62c9280d22,1,ffn_or_moe,8,,gate,ports,393216,6291456,1/16,3072,"[1536,4096]",1,6291456,6291456,384,,,,,,,table_IIb/02_ffn_moe,table_IIb/02_ffn_moe/data/results.json,5fc920987cd169108e39c72b5c844d0217b504dedffb8f9fbfce8f0ce40a4e8b,2,de42185a100e94d874030d7df9728cfb0a3787f0f59e9b57c02a9b05b03b7aaf,/cases/9/result/parts/gate/ports
hy3_295b/ffn_or_moe/8,hy3_295b,a960ebc3da325ba167f069f76c41eb62c9280d22,1,ffn_or_moe,8,,gate,operator,32768,6291456,1/192,,"[1536,4096]",1,6291456,6291456,384,,,,,,,table_IIb/02_ffn_moe,table_IIb/02_ffn_moe/data/results.json,5fc920987cd169108e39c72b5c844d0217b504dedffb8f9fbfce8f0ce40a4e8b,2,de42185a100e94d874030d7df9728cfb0a3787f0f59e9b57c02a9b05b03b7aaf,/cases/9/result/parts/gate/operator
hy3_295b/ffn_or_moe/8,hy3_295b,a960ebc3da325ba167f069f76c41eb62c9280d22,1,ffn_or_moe,8,,up,ports,393216,6291456,1/16,3072,"[1536,4096]",1,6291456,6291456,384,,,,,,,table_IIb/02_ffn_moe,table_IIb/02_ffn_moe/data/results.json,5fc920987cd169108e39c72b5c844d0217b504dedffb8f9fbfce8f0ce40a4e8b,2,de42185a100e94d874030d7df9728cfb0a3787f0f59e9b57c02a9b05b03b7aaf,/cases/9/result/parts/up/ports
hy3_295b/ffn_or_moe/8,hy3_295b,a960ebc3da325ba167f069f76c41eb62c9280d22,1,ffn_or_moe,8,,up,operator,32768,6291456,1/192,,"[1536,4096]",1,6291456,6291456,384,,,,,,,table_IIb/02_ffn_moe,table_IIb/02_ffn_moe/data/results.json,5fc920987cd169108e39c72b5c844d0217b504dedffb8f9fbfce8f0ce40a4e8b,2,de42185a100e94d874030d7df9728cfb0a3787f0f59e9b57c02a9b05b03b7aaf,/cases/9/result/parts/up/operator
hy3_295b/ffn_or_moe/8,hy3_295b,a960ebc3da325ba167f069f76c41eb62c9280d22,1,ffn_or_moe,8,,down,ports,393216,6291456,1/16,3072,"[4096,1536]",1,6291456,6291456,384,,,,,,,table_IIb/02_ffn_moe,table_IIb/02_ffn_moe/data/results.json,5fc920987cd169108e39c72b5c844d0217b504dedffb8f9fbfce8f0ce40a4e8b,2,de42185a100e94d874030d7df9728cfb0a3787f0f59e9b57c02a9b05b03b7aaf,/cases/9/result/parts/down/ports
hy3_295b/ffn_or_moe/8,hy3_295b,a960ebc3da325ba167f069f76c41eb62c9280d22,1,ffn_or_moe,8,,down,operator,12288,6291456,1/512,,"[4096,1536]",1,6291456,6291456,384,,,,,,,table_IIb/02_ffn_moe,table_IIb/02_ffn_moe/data/results.json,5fc920987cd169108e39c72b5c844d0217b504dedffb8f9fbfce8f0ce40a4e8b,2,de42185a100e94d874030d7df9728cfb0a3787f0f59e9b57c02a9b05b03b7aaf,/cases/9/result/parts/down/operator
hy3_295b/ffn_or_moe/64,hy3_295b,a960ebc3da325ba167f069f76c41eb62c9280d22,1,ffn_or_moe,64,,total,ports,9437184,18874368,1/2,73728,,,18874368,18874368,1152,262144,,,,,,table_IIb/02_ffn_moe,table_IIb/02_ffn_moe/data/results.json,5fc920987cd169108e39c72b5c844d0217b504dedffb8f9fbfce8f0ce40a4e8b,2,de42185a100e94d874030d7df9728cfb0a3787f0f59e9b57c02a9b05b03b7aaf,/cases/10/result/ports
hy3_295b/ffn_or_moe/64,hy3_295b,a960ebc3da325ba167f069f76c41eb62c9280d22,1,ffn_or_moe,64,,total,operator,360448,18874368,11/576,,,,18874368,18874368,1152,262144,,,,,,table_IIb/02_ffn_moe,table_IIb/02_ffn_moe/data/results.json,5fc920987cd169108e39c72b5c844d0217b504dedffb8f9fbfce8f0ce40a4e8b,2,de42185a100e94d874030d7df9728cfb0a3787f0f59e9b57c02a9b05b03b7aaf,/cases/10/result/operator
hy3_295b/ffn_or_moe/64,hy3_295b,a960ebc3da325ba167f069f76c41eb62c9280d22,1,ffn_or_moe,64,,gate,ports,3145728,6291456,1/2,24576,"[1536,4096]",1,6291456,6291456,384,,,,,,,table_IIb/02_ffn_moe,table_IIb/02_ffn_moe/data/results.json,5fc920987cd169108e39c72b5c844d0217b504dedffb8f9fbfce8f0ce40a4e8b,2,de42185a100e94d874030d7df9728cfb0a3787f0f59e9b57c02a9b05b03b7aaf,/cases/10/result/parts/gate/ports
hy3_295b/ffn_or_moe/64,hy3_295b,a960ebc3da325ba167f069f76c41eb62c9280d22,1,ffn_or_moe,64,,gate,operator,262144,6291456,1/24,,"[1536,4096]",1,6291456,6291456,384,,,,,,,table_IIb/02_ffn_moe,table_IIb/02_ffn_moe/data/results.json,5fc920987cd169108e39c72b5c844d0217b504dedffb8f9fbfce8f0ce40a4e8b,2,de42185a100e94d874030d7df9728cfb0a3787f0f59e9b57c02a9b05b03b7aaf,/cases/10/result/parts/gate/operator
hy3_295b/ffn_or_moe/64,hy3_295b,a960ebc3da325ba167f069f76c41eb62c9280d22,1,ffn_or_moe,64,,up,ports,3145728,6291456,1/2,24576,"[1536,4096]",1,6291456,6291456,384,,,,,,,table_IIb/02_ffn_moe,table_IIb/02_ffn_moe/data/results.json,5fc920987cd169108e39c72b5c844d0217b504dedffb8f9fbfce8f0ce40a4e8b,2,de42185a100e94d874030d7df9728cfb0a3787f0f59e9b57c02a9b05b03b7aaf,/cases/10/result/parts/up/ports
hy3_295b/ffn_or_moe/64,hy3_295b,a960ebc3da325ba167f069f76c41eb62c9280d22,1,ffn_or_moe,64,,up,operator,262144,6291456,1/24,,"[1536,4096]",1,6291456,6291456,384,,,,,,,table_IIb/02_ffn_moe,table_IIb/02_ffn_moe/data/results.json,5fc920987cd169108e39c72b5c844d0217b504dedffb8f9fbfce8f0ce40a4e8b,2,de42185a100e94d874030d7df9728cfb0a3787f0f59e9b57c02a9b05b03b7aaf,/cases/10/result/parts/up/operator
hy3_295b/ffn_or_moe/64,hy3_295b,a960ebc3da325ba167f069f76c41eb62c9280d22,1,ffn_or_moe,64,,down,ports,3145728,6291456,1/2,24576,"[4096,1536]",1,6291456,6291456,384,,,,,,,table_IIb/02_ffn_moe,table_IIb/02_ffn_moe/data/results.json,5fc920987cd169108e39c72b5c844d0217b504dedffb8f9fbfce8f0ce40a4e8b,2,de42185a100e94d874030d7df9728cfb0a3787f0f59e9b57c02a9b05b03b7aaf,/cases/10/result/parts/down/ports
hy3_295b/ffn_or_moe/64,hy3_295b,a960ebc3da325ba167f069f76c41eb62c9280d22,1,ffn_or_moe,64,,down,operator,98304,6291456,1/64,,"[4096,1536]",1,6291456,6291456,384,,,,,,,table_IIb/02_ffn_moe,table_IIb/02_ffn_moe/data/results.json,5fc920987cd169108e39c72b5c844d0217b504dedffb8f9fbfce8f0ce40a4e8b,2,de42185a100e94d874030d7df9728cfb0a3787f0f59e9b57c02a9b05b03b7aaf,/cases/10/result/parts/down/operator
hy3_295b/ffn_or_moe/512,hy3_295b,a960ebc3da325ba167f069f76c41eb62c9280d22,1,ffn_or_moe,512,,total,ports,75497472,18874368,4,589824,,,18874368,18874368,1152,2097152,,,,,,table_IIb/02_ffn_moe,table_IIb/02_ffn_moe/data/results.json,5fc920987cd169108e39c72b5c844d0217b504dedffb8f9fbfce8f0ce40a4e8b,2,de42185a100e94d874030d7df9728cfb0a3787f0f59e9b57c02a9b05b03b7aaf,/cases/11/result/ports
hy3_295b/ffn_or_moe/512,hy3_295b,a960ebc3da325ba167f069f76c41eb62c9280d22,1,ffn_or_moe,512,,total,operator,2883584,18874368,11/72,,,,18874368,18874368,1152,2097152,,,,,,table_IIb/02_ffn_moe,table_IIb/02_ffn_moe/data/results.json,5fc920987cd169108e39c72b5c844d0217b504dedffb8f9fbfce8f0ce40a4e8b,2,de42185a100e94d874030d7df9728cfb0a3787f0f59e9b57c02a9b05b03b7aaf,/cases/11/result/operator
hy3_295b/ffn_or_moe/512,hy3_295b,a960ebc3da325ba167f069f76c41eb62c9280d22,1,ffn_or_moe,512,,gate,ports,25165824,6291456,4,196608,"[1536,4096]",1,6291456,6291456,384,,,,,,,table_IIb/02_ffn_moe,table_IIb/02_ffn_moe/data/results.json,5fc920987cd169108e39c72b5c844d0217b504dedffb8f9fbfce8f0ce40a4e8b,2,de42185a100e94d874030d7df9728cfb0a3787f0f59e9b57c02a9b05b03b7aaf,/cases/11/result/parts/gate/ports
hy3_295b/ffn_or_moe/512,hy3_295b,a960ebc3da325ba167f069f76c41eb62c9280d22,1,ffn_or_moe,512,,gate,operator,2097152,6291456,1/3,,"[1536,4096]",1,6291456,6291456,384,,,,,,,table_IIb/02_ffn_moe,table_IIb/02_ffn_moe/data/results.json,5fc920987cd169108e39c72b5c844d0217b504dedffb8f9fbfce8f0ce40a4e8b,2,de42185a100e94d874030d7df9728cfb0a3787f0f59e9b57c02a9b05b03b7aaf,/cases/11/result/parts/gate/operator
hy3_295b/ffn_or_moe/512,hy3_295b,a960ebc3da325ba167f069f76c41eb62c9280d22,1,ffn_or_moe,512,,up,ports,25165824,6291456,4,196608,"[1536,4096]",1,6291456,6291456,384,,,,,,,table_IIb/02_ffn_moe,table_IIb/02_ffn_moe/data/results.json,5fc920987cd169108e39c72b5c844d0217b504dedffb8f9fbfce8f0ce40a4e8b,2,de42185a100e94d874030d7df9728cfb0a3787f0f59e9b57c02a9b05b03b7aaf,/cases/11/result/parts/up/ports
hy3_295b/ffn_or_moe/512,hy3_295b,a960ebc3da325ba167f069f76c41eb62c9280d22,1,ffn_or_moe,512,,up,operator,2097152,6291456,1/3,,"[1536,4096]",1,6291456,6291456,384,,,,,,,table_IIb/02_ffn_moe,table_IIb/02_ffn_moe/data/results.json,5fc920987cd169108e39c72b5c844d0217b504dedffb8f9fbfce8f0ce40a4e8b,2,de42185a100e94d874030d7df9728cfb0a3787f0f59e9b57c02a9b05b03b7aaf,/cases/11/result/parts/up/operator
hy3_295b/ffn_or_moe/512,hy3_295b,a960ebc3da325ba167f069f76c41eb62c9280d22,1,ffn_or_moe,512,,down,ports,25165824,6291456,4,196608,"[4096,1536]",1,6291456,6291456,384,,,,,,,table_IIb/02_ffn_moe,table_IIb/02_ffn_moe/data/results.json,5fc920987cd169108e39c72b5c844d0217b504dedffb8f9fbfce8f0ce40a4e8b,2,de42185a100e94d874030d7df9728cfb0a3787f0f59e9b57c02a9b05b03b7aaf,/cases/11/result/parts/down/ports
hy3_295b/ffn_or_moe/512,hy3_295b,a960ebc3da325ba167f069f76c41eb62c9280d22,1,ffn_or_moe,512,,down,operator,786432,6291456,1/8,,"[4096,1536]",1,6291456,6291456,384,,,,,,,table_IIb/02_ffn_moe,table_IIb/02_ffn_moe/data/results.json,5fc920987cd169108e39c72b5c844d0217b504dedffb8f9fbfce8f0ce40a4e8b,2,de42185a100e94d874030d7df9728cfb0a3787f0f59e9b57c02a9b05b03b7aaf,/cases/11/result/parts/down/operator
hy3_295b/attention_prefill/1024,hy3_295b,a960ebc3da325ba167f069f76c41eb62c9280d22,1,attention_prefill,,1024,total,ports,71335936,2097152,2177/64,589824,,,2097152,2097152,128,0,0,1024,0,1024,,table_IIb/03_attention,table_IIb/03_attention/data/results.json,7f552ac50508897407e7856c96221a3a73e2ac28ff5629b512a9f35736875107,1,e0e1012922866def44382db5340c409bce49d90a85ab6f7642d96174d65e2cfa,/cases/18/result/ports
hy3_295b/attention_prefill/1024,hy3_295b,a960ebc3da325ba167f069f76c41eb62c9280d22,1,attention_prefill,,1024,total,operator,41975808,2097152,1281/64,,,,2097152,2097152,128,0,0,1024,0,1024,,table_IIb/03_attention,table_IIb/03_attention/data/results.json,7f552ac50508897407e7856c96221a3a73e2ac28ff5629b512a9f35736875107,1,e0e1012922866def44382db5340c409bce49d90a85ab6f7642d96174d65e2cfa,/cases/18/result/operator
hy3_295b/attention_prefill/1024,hy3_295b,a960ebc3da325ba167f069f76c41eb62c9280d22,1,attention_prefill,,1024,QK,ports,37748736,1048576,36,294912,"[1024,128]",8,1048576,1048576,64,,,,,,"{""valid_slice_N_K_per_head_per_token"":[[1,128]],""logical_slice_write_events"":8192,""events_are_not_device_write_transactions"":true,""per_token_logical_slice_write_events"":8,""valid_write_bytes_per_token"":1024}",table_IIb/03_attention,table_IIb/03_attention/data/results.json,7f552ac50508897407e7856c96221a3a73e2ac28ff5629b512a9f35736875107,1,e0e1012922866def44382db5340c409bce49d90a85ab6f7642d96174d65e2cfa,/cases/18/result/parts/QK/ports
hy3_295b/attention_prefill/1024,hy3_295b,a960ebc3da325ba167f069f76c41eb62c9280d22,1,attention_prefill,,1024,QK,operator,8388608,1048576,8,,"[1024,128]",8,1048576,1048576,64,,,,,,"{""valid_slice_N_K_per_head_per_token"":[[1,128]],""logical_slice_write_events"":8192,""events_are_not_device_write_transactions"":true,""per_token_logical_slice_write_events"":8,""valid_write_bytes_per_token"":1024}",table_IIb/03_attention,table_IIb/03_attention/data/results.json,7f552ac50508897407e7856c96221a3a73e2ac28ff5629b512a9f35736875107,1,e0e1012922866def44382db5340c409bce49d90a85ab6f7642d96174d65e2cfa,/cases/18/result/parts/QK/operator
hy3_295b/attention_prefill/1024,hy3_295b,a960ebc3da325ba167f069f76c41eb62c9280d22,1,attention_prefill,,1024,AV,ports,33587200,1048576,1025/32,294912,"[128,1024]",8,1048576,1048576,64,,,,,,"{""valid_slice_N_K_per_head_per_token"":[[128,1]],""logical_slice_write_events"":8192,""events_are_not_device_write_transactions"":true,""per_token_logical_slice_write_events"":8,""valid_write_bytes_per_token"":1024}",table_IIb/03_attention,table_IIb/03_attention/data/results.json,7f552ac50508897407e7856c96221a3a73e2ac28ff5629b512a9f35736875107,1,e0e1012922866def44382db5340c409bce49d90a85ab6f7642d96174d65e2cfa,/cases/18/result/parts/AV/ports
hy3_295b/attention_prefill/1024,hy3_295b,a960ebc3da325ba167f069f76c41eb62c9280d22,1,attention_prefill,,1024,AV,operator,33587200,1048576,1025/32,,"[128,1024]",8,1048576,1048576,64,,,,,,"{""valid_slice_N_K_per_head_per_token"":[[128,1]],""logical_slice_write_events"":8192,""events_are_not_device_write_transactions"":true,""per_token_logical_slice_write_events"":8,""valid_write_bytes_per_token"":1024}",table_IIb/03_attention,table_IIb/03_attention/data/results.json,7f552ac50508897407e7856c96221a3a73e2ac28ff5629b512a9f35736875107,1,e0e1012922866def44382db5340c409bce49d90a85ab6f7642d96174d65e2cfa,/cases/18/result/parts/AV/operator
hy3_295b/attention_prefill/16384,hy3_295b,a960ebc3da325ba167f069f76c41eb62c9280d22,1,attention_prefill,,16384,total,ports,17247502336,33554432,32897/64,135266304,,,33554432,33554432,2048,0,0,16384,0,16384,,table_IIb/03_attention,table_IIb/03_attention/data/results.json,7f552ac50508897407e7856c96221a3a73e2ac28ff5629b512a9f35736875107,1,e0e1012922866def44382db5340c409bce49d90a85ab6f7642d96174d65e2cfa,/cases/19/result/ports
hy3_295b/attention_prefill/16384,hy3_295b,a960ebc3da325ba167f069f76c41eb62c9280d22,1,attention_prefill,,16384,total,operator,8724676608,33554432,16641/64,,,,33554432,33554432,2048,0,0,16384,0,16384,,table_IIb/03_attention,table_IIb/03_attention/data/results.json,7f552ac50508897407e7856c96221a3a73e2ac28ff5629b512a9f35736875107,1,e0e1012922866def44382db5340c409bce49d90a85ab6f7642d96174d65e2cfa,/cases/19/result/operator
hy3_295b/attention_prefill/16384,hy3_295b,a960ebc3da325ba167f069f76c41eb62c9280d22,1,attention_prefill,,16384,QK,ports,8657043456,16777216,516,67633152,"[16384,128]",8,16777216,16777216,1024,,,,,,"{""valid_slice_N_K_per_head_per_token"":[[1,128]],""logical_slice_write_events"":131072,""events_are_not_device_write_transactions"":true,""per_token_logical_slice_write_events"":8,""valid_write_bytes_per_token"":1024}",table_IIb/03_attention,table_IIb/03_attention/data/results.json,7f552ac50508897407e7856c96221a3a73e2ac28ff5629b512a9f35736875107,1,e0e1012922866def44382db5340c409bce49d90a85ab6f7642d96174d65e2cfa,/cases/19/result/parts/QK/ports
hy3_295b/attention_prefill/16384,hy3_295b,a960ebc3da325ba167f069f76c41eb62c9280d22,1,attention_prefill,,16384,QK,operator,134217728,16777216,8,,"[16384,128]",8,16777216,16777216,1024,,,,,,"{""valid_slice_N_K_per_head_per_token"":[[1,128]],""logical_slice_write_events"":131072,""events_are_not_device_write_transactions"":true,""per_token_logical_slice_write_events"":8,""valid_write_bytes_per_token"":1024}",table_IIb/03_attention,table_IIb/03_attention/data/results.json,7f552ac50508897407e7856c96221a3a73e2ac28ff5629b512a9f35736875107,1,e0e1012922866def44382db5340c409bce49d90a85ab6f7642d96174d65e2cfa,/cases/19/result/parts/QK/operator
hy3_295b/attention_prefill/16384,hy3_295b,a960ebc3da325ba167f069f76c41eb62c9280d22,1,attention_prefill,,16384,AV,ports,8590458880,16777216,16385/32,67633152,"[128,16384]",8,16777216,16777216,1024,,,,,,"{""valid_slice_N_K_per_head_per_token"":[[128,1]],""logical_slice_write_events"":131072,""events_are_not_device_write_transactions"":true,""per_token_logical_slice_write_events"":8,""valid_write_bytes_per_token"":1024}",table_IIb/03_attention,table_IIb/03_attention/data/results.json,7f552ac50508897407e7856c96221a3a73e2ac28ff5629b512a9f35736875107,1,e0e1012922866def44382db5340c409bce49d90a85ab6f7642d96174d65e2cfa,/cases/19/result/parts/AV/ports
hy3_295b/attention_prefill/16384,hy3_295b,a960ebc3da325ba167f069f76c41eb62c9280d22,1,attention_prefill,,16384,AV,operator,8590458880,16777216,16385/32,,"[128,16384]",8,16777216,16777216,1024,,,,,,"{""valid_slice_N_K_per_head_per_token"":[[128,1]],""logical_slice_write_events"":131072,""events_are_not_device_write_transactions"":true,""per_token_logical_slice_write_events"":8,""valid_write_bytes_per_token"":1024}",table_IIb/03_attention,table_IIb/03_attention/data/results.json,7f552ac50508897407e7856c96221a3a73e2ac28ff5629b512a9f35736875107,1,e0e1012922866def44382db5340c409bce49d90a85ab6f7642d96174d65e2cfa,/cases/19/result/parts/AV/operator
hy3_295b/attention_prefill/131072,hy3_295b,a960ebc3da325ba167f069f76c41eb62c9280d22,1,attention_prefill,,131072,total,ports,1100052692992,268435456,262273/64,8598323200,,,268435456,268435456,16384,0,0,131072,0,131072,,table_IIb/03_attention,table_IIb/03_attention/data/results.json,7f552ac50508897407e7856c96221a3a73e2ac28ff5629b512a9f35736875107,1,e0e1012922866def44382db5340c409bce49d90a85ab6f7642d96174d65e2cfa,/cases/20/result/ports
hy3_295b/attention_prefill/131072,hy3_295b,a960ebc3da325ba167f069f76c41eb62c9280d22,1,attention_prefill,,131072,total,operator,550833750016,268435456,131329/64,,,,268435456,268435456,16384,0,0,131072,0,131072,,table_IIb/03_attention,table_IIb/03_attention/data/results.json,7f552ac50508897407e7856c96221a3a73e2ac28ff5629b512a9f35736875107,1,e0e1012922866def44382db5340c409bce49d90a85ab6f7642d96174d65e2cfa,/cases/20/result/operator
hy3_295b/attention_prefill/131072,hy3_295b,a960ebc3da325ba167f069f76c41eb62c9280d22,1,attention_prefill,,131072,QK,ports,550292684800,134217728,4100,4299161600,"[131072,128]",8,134217728,134217728,8192,,,,,,"{""valid_slice_N_K_per_head_per_token"":[[1,128]],""logical_slice_write_events"":1048576,""events_are_not_device_write_transactions"":true,""per_token_logical_slice_write_events"":8,""valid_write_bytes_per_token"":1024}",table_IIb/03_attention,table_IIb/03_attention/data/results.json,7f552ac50508897407e7856c96221a3a73e2ac28ff5629b512a9f35736875107,1,e0e1012922866def44382db5340c409bce49d90a85ab6f7642d96174d65e2cfa,/cases/20/result/parts/QK/ports
hy3_295b/attention_prefill/131072,hy3_295b,a960ebc3da325ba167f069f76c41eb62c9280d22,1,attention_prefill,,131072,QK,operator,1073741824,134217728,8,,"[131072,128]",8,134217728,134217728,8192,,,,,,"{""valid_slice_N_K_per_head_per_token"":[[1,128]],""logical_slice_write_events"":1048576,""events_are_not_device_write_transactions"":true,""per_token_logical_slice_write_events"":8,""valid_write_bytes_per_token"":1024}",table_IIb/03_attention,table_IIb/03_attention/data/results.json,7f552ac50508897407e7856c96221a3a73e2ac28ff5629b512a9f35736875107,1,e0e1012922866def44382db5340c409bce49d90a85ab6f7642d96174d65e2cfa,/cases/20/result/parts/QK/operator
hy3_295b/attention_prefill/131072,hy3_295b,a960ebc3da325ba167f069f76c41eb62c9280d22,1,attention_prefill,,131072,AV,ports,549760008192,134217728,131073/32,4299161600,"[128,131072]",8,134217728,134217728,8192,,,,,,"{""valid_slice_N_K_per_head_per_token"":[[128,1]],""logical_slice_write_events"":1048576,""events_are_not_device_write_transactions"":true,""per_token_logical_slice_write_events"":8,""valid_write_bytes_per_token"":1024}",table_IIb/03_attention,table_IIb/03_attention/data/results.json,7f552ac50508897407e7856c96221a3a73e2ac28ff5629b512a9f35736875107,1,e0e1012922866def44382db5340c409bce49d90a85ab6f7642d96174d65e2cfa,/cases/20/result/parts/AV/ports
hy3_295b/attention_prefill/131072,hy3_295b,a960ebc3da325ba167f069f76c41eb62c9280d22,1,attention_prefill,,131072,AV,operator,549760008192,134217728,131073/32,,"[128,131072]",8,134217728,134217728,8192,,,,,,"{""valid_slice_N_K_per_head_per_token"":[[128,1]],""logical_slice_write_events"":1048576,""events_are_not_device_write_transactions"":true,""per_token_logical_slice_write_events"":8,""valid_write_bytes_per_token"":1024}",table_IIb/03_attention,table_IIb/03_attention/data/results.json,7f552ac50508897407e7856c96221a3a73e2ac28ff5629b512a9f35736875107,1,e0e1012922866def44382db5340c409bce49d90a85ab6f7642d96174d65e2cfa,/cases/20/result/parts/AV/operator
hy3_295b/attention_decode/1024,hy3_295b,a960ebc3da325ba167f069f76c41eb62c9280d22,1,attention_decode,,1024,total,ports,131072,2048,64,1024,,,2097152,2097152,128,0,1023,1024,2095104,1,,table_IIb/03_attention,table_IIb/03_attention/data/results.json,7f552ac50508897407e7856c96221a3a73e2ac28ff5629b512a9f35736875107,1,e0e1012922866def44382db5340c409bce49d90a85ab6f7642d96174d65e2cfa,/cases/21/result/ports
hy3_295b/attention_decode/1024,hy3_295b,a960ebc3da325ba167f069f76c41eb62c9280d22,1,attention_decode,,1024,total,operator,73728,2048,36,,,,2097152,2097152,128,0,1023,1024,2095104,1,,table_IIb/03_attention,table_IIb/03_attention/data/results.json,7f552ac50508897407e7856c96221a3a73e2ac28ff5629b512a9f35736875107,1,e0e1012922866def44382db5340c409bce49d90a85ab6f7642d96174d65e2cfa,/cases/21/result/operator
hy3_295b/attention_decode/1024,hy3_295b,a960ebc3da325ba167f069f76c41eb62c9280d22,1,attention_decode,,1024,QK,ports,65536,1024,64,512,"[1024,128]",8,1048576,1048576,64,,,,,,"{""valid_slice_N_K_per_head_per_token"":[[1,128]],""logical_slice_write_events"":8,""events_are_not_device_write_transactions"":true,""per_token_logical_slice_write_events"":8,""valid_write_bytes_per_token"":1024}",table_IIb/03_attention,table_IIb/03_attention/data/results.json,7f552ac50508897407e7856c96221a3a73e2ac28ff5629b512a9f35736875107,1,e0e1012922866def44382db5340c409bce49d90a85ab6f7642d96174d65e2cfa,/cases/21/result/parts/QK/ports
hy3_295b/attention_decode/1024,hy3_295b,a960ebc3da325ba167f069f76c41eb62c9280d22,1,attention_decode,,1024,QK,operator,8192,1024,8,,"[1024,128]",8,1048576,1048576,64,,,,,,"{""valid_slice_N_K_per_head_per_token"":[[1,128]],""logical_slice_write_events"":8,""events_are_not_device_write_transactions"":true,""per_token_logical_slice_write_events"":8,""valid_write_bytes_per_token"":1024}",table_IIb/03_attention,table_IIb/03_attention/data/results.json,7f552ac50508897407e7856c96221a3a73e2ac28ff5629b512a9f35736875107,1,e0e1012922866def44382db5340c409bce49d90a85ab6f7642d96174d65e2cfa,/cases/21/result/parts/QK/operator
hy3_295b/attention_decode/1024,hy3_295b,a960ebc3da325ba167f069f76c41eb62c9280d22,1,attention_decode,,1024,AV,ports,65536,1024,64,512,"[128,1024]",8,1048576,1048576,64,,,,,,"{""valid_slice_N_K_per_head_per_token"":[[128,1]],""logical_slice_write_events"":8,""events_are_not_device_write_transactions"":true,""per_token_logical_slice_write_events"":8,""valid_write_bytes_per_token"":1024}",table_IIb/03_attention,table_IIb/03_attention/data/results.json,7f552ac50508897407e7856c96221a3a73e2ac28ff5629b512a9f35736875107,1,e0e1012922866def44382db5340c409bce49d90a85ab6f7642d96174d65e2cfa,/cases/21/result/parts/AV/ports
hy3_295b/attention_decode/1024,hy3_295b,a960ebc3da325ba167f069f76c41eb62c9280d22,1,attention_decode,,1024,AV,operator,65536,1024,64,,"[128,1024]",8,1048576,1048576,64,,,,,,"{""valid_slice_N_K_per_head_per_token"":[[128,1]],""logical_slice_write_events"":8,""events_are_not_device_write_transactions"":true,""per_token_logical_slice_write_events"":8,""valid_write_bytes_per_token"":1024}",table_IIb/03_attention,table_IIb/03_attention/data/results.json,7f552ac50508897407e7856c96221a3a73e2ac28ff5629b512a9f35736875107,1,e0e1012922866def44382db5340c409bce49d90a85ab6f7642d96174d65e2cfa,/cases/21/result/parts/AV/operator
hy3_295b/attention_decode/16384,hy3_295b,a960ebc3da325ba167f069f76c41eb62c9280d22,1,attention_decode,,16384,total,ports,2097152,2048,1024,16384,,,33554432,33554432,2048,0,16383,16384,33552384,1,,table_IIb/03_attention,table_IIb/03_attention/data/results.json,7f552ac50508897407e7856c96221a3a73e2ac28ff5629b512a9f35736875107,1,e0e1012922866def44382db5340c409bce49d90a85ab6f7642d96174d65e2cfa,/cases/22/result/ports
hy3_295b/attention_decode/16384,hy3_295b,a960ebc3da325ba167f069f76c41eb62c9280d22,1,attention_decode,,16384,total,operator,1056768,2048,516,,,,33554432,33554432,2048,0,16383,16384,33552384,1,,table_IIb/03_attention,table_IIb/03_attention/data/results.json,7f552ac50508897407e7856c96221a3a73e2ac28ff5629b512a9f35736875107,1,e0e1012922866def44382db5340c409bce49d90a85ab6f7642d96174d65e2cfa,/cases/22/result/operator
hy3_295b/attention_decode/16384,hy3_295b,a960ebc3da325ba167f069f76c41eb62c9280d22,1,attention_decode,,16384,QK,ports,1048576,1024,1024,8192,"[16384,128]",8,16777216,16777216,1024,,,,,,"{""valid_slice_N_K_per_head_per_token"":[[1,128]],""logical_slice_write_events"":8,""events_are_not_device_write_transactions"":true,""per_token_logical_slice_write_events"":8,""valid_write_bytes_per_token"":1024}",table_IIb/03_attention,table_IIb/03_attention/data/results.json,7f552ac50508897407e7856c96221a3a73e2ac28ff5629b512a9f35736875107,1,e0e1012922866def44382db5340c409bce49d90a85ab6f7642d96174d65e2cfa,/cases/22/result/parts/QK/ports
hy3_295b/attention_decode/16384,hy3_295b,a960ebc3da325ba167f069f76c41eb62c9280d22,1,attention_decode,,16384,QK,operator,8192,1024,8,,"[16384,128]",8,16777216,16777216,1024,,,,,,"{""valid_slice_N_K_per_head_per_token"":[[1,128]],""logical_slice_write_events"":8,""events_are_not_device_write_transactions"":true,""per_token_logical_slice_write_events"":8,""valid_write_bytes_per_token"":1024}",table_IIb/03_attention,table_IIb/03_attention/data/results.json,7f552ac50508897407e7856c96221a3a73e2ac28ff5629b512a9f35736875107,1,e0e1012922866def44382db5340c409bce49d90a85ab6f7642d96174d65e2cfa,/cases/22/result/parts/QK/operator
hy3_295b/attention_decode/16384,hy3_295b,a960ebc3da325ba167f069f76c41eb62c9280d22,1,attention_decode,,16384,AV,ports,1048576,1024,1024,8192,"[128,16384]",8,16777216,16777216,1024,,,,,,"{""valid_slice_N_K_per_head_per_token"":[[128,1]],""logical_slice_write_events"":8,""events_are_not_device_write_transactions"":true,""per_token_logical_slice_write_events"":8,""valid_write_bytes_per_token"":1024}",table_IIb/03_attention,table_IIb/03_attention/data/results.json,7f552ac50508897407e7856c96221a3a73e2ac28ff5629b512a9f35736875107,1,e0e1012922866def44382db5340c409bce49d90a85ab6f7642d96174d65e2cfa,/cases/22/result/parts/AV/ports
hy3_295b/attention_decode/16384,hy3_295b,a960ebc3da325ba167f069f76c41eb62c9280d22,1,attention_decode,,16384,AV,operator,1048576,1024,1024,,"[128,16384]",8,16777216,16777216,1024,,,,,,"{""valid_slice_N_K_per_head_per_token"":[[128,1]],""logical_slice_write_events"":8,""events_are_not_device_write_transactions"":true,""per_token_logical_slice_write_events"":8,""valid_write_bytes_per_token"":1024}",table_IIb/03_attention,table_IIb/03_attention/data/results.json,7f552ac50508897407e7856c96221a3a73e2ac28ff5629b512a9f35736875107,1,e0e1012922866def44382db5340c409bce49d90a85ab6f7642d96174d65e2cfa,/cases/22/result/parts/AV/operator
hy3_295b/attention_decode/131072,hy3_295b,a960ebc3da325ba167f069f76c41eb62c9280d22,1,attention_decode,,131072,total,ports,16777216,2048,8192,131072,,,268435456,268435456,16384,0,131071,131072,268433408,1,,table_IIb/03_attention,table_IIb/03_attention/data/results.json,7f552ac50508897407e7856c96221a3a73e2ac28ff5629b512a9f35736875107,1,e0e1012922866def44382db5340c409bce49d90a85ab6f7642d96174d65e2cfa,/cases/23/result/ports
hy3_295b/attention_decode/131072,hy3_295b,a960ebc3da325ba167f069f76c41eb62c9280d22,1,attention_decode,,131072,total,operator,8396800,2048,4100,,,,268435456,268435456,16384,0,131071,131072,268433408,1,,table_IIb/03_attention,table_IIb/03_attention/data/results.json,7f552ac50508897407e7856c96221a3a73e2ac28ff5629b512a9f35736875107,1,e0e1012922866def44382db5340c409bce49d90a85ab6f7642d96174d65e2cfa,/cases/23/result/operator
hy3_295b/attention_decode/131072,hy3_295b,a960ebc3da325ba167f069f76c41eb62c9280d22,1,attention_decode,,131072,QK,ports,8388608,1024,8192,65536,"[131072,128]",8,134217728,134217728,8192,,,,,,"{""valid_slice_N_K_per_head_per_token"":[[1,128]],""logical_slice_write_events"":8,""events_are_not_device_write_transactions"":true,""per_token_logical_slice_write_events"":8,""valid_write_bytes_per_token"":1024}",table_IIb/03_attention,table_IIb/03_attention/data/results.json,7f552ac50508897407e7856c96221a3a73e2ac28ff5629b512a9f35736875107,1,e0e1012922866def44382db5340c409bce49d90a85ab6f7642d96174d65e2cfa,/cases/23/result/parts/QK/ports
hy3_295b/attention_decode/131072,hy3_295b,a960ebc3da325ba167f069f76c41eb62c9280d22,1,attention_decode,,131072,QK,operator,8192,1024,8,,"[131072,128]",8,134217728,134217728,8192,,,,,,"{""valid_slice_N_K_per_head_per_token"":[[1,128]],""logical_slice_write_events"":8,""events_are_not_device_write_transactions"":true,""per_token_logical_slice_write_events"":8,""valid_write_bytes_per_token"":1024}",table_IIb/03_attention,table_IIb/03_attention/data/results.json,7f552ac50508897407e7856c96221a3a73e2ac28ff5629b512a9f35736875107,1,e0e1012922866def44382db5340c409bce49d90a85ab6f7642d96174d65e2cfa,/cases/23/result/parts/QK/operator
hy3_295b/attention_decode/131072,hy3_295b,a960ebc3da325ba167f069f76c41eb62c9280d22,1,attention_decode,,131072,AV,ports,8388608,1024,8192,65536,"[128,131072]",8,134217728,134217728,8192,,,,,,"{""valid_slice_N_K_per_head_per_token"":[[128,1]],""logical_slice_write_events"":8,""events_are_not_device_write_transactions"":true,""per_token_logical_slice_write_events"":8,""valid_write_bytes_per_token"":1024}",table_IIb/03_attention,table_IIb/03_attention/data/results.json,7f552ac50508897407e7856c96221a3a73e2ac28ff5629b512a9f35736875107,1,e0e1012922866def44382db5340c409bce49d90a85ab6f7642d96174d65e2cfa,/cases/23/result/parts/AV/ports
hy3_295b/attention_decode/131072,hy3_295b,a960ebc3da325ba167f069f76c41eb62c9280d22,1,attention_decode,,131072,AV,operator,8388608,1024,8192,,"[128,131072]",8,134217728,134217728,8192,,,,,,"{""valid_slice_N_K_per_head_per_token"":[[128,1]],""logical_slice_write_events"":8,""events_are_not_device_write_transactions"":true,""per_token_logical_slice_write_events"":8,""valid_write_bytes_per_token"":1024}",table_IIb/03_attention,table_IIb/03_attention/data/results.json,7f552ac50508897407e7856c96221a3a73e2ac28ff5629b512a9f35736875107,1,e0e1012922866def44382db5340c409bce49d90a85ab6f7642d96174d65e2cfa,/cases/23/result/parts/AV/operator
ling_1t/qkv_projection/one_token,ling_1t,268f2aa76aa8cf5b36ca33805481cea91133327e,4,qkv_projection,,,total,ports,655360,0,∞,5120,,,83886080,83886080,5120,16384,,,,,,table_IIb/01_qkv_projection,table_IIb/01_qkv_projection/data/results.json,c342f0781f396df3d18d6bfcc94bdef95c3846f9985a8ca0e038297f0ef69a27,2,6377df5399a9a6333fa9a7374c93047504437936cac7d1b596046aba82eb1297,/cases/4/result/ports
ling_1t/qkv_projection/one_token,ling_1t,268f2aa76aa8cf5b36ca33805481cea91133327e,4,qkv_projection,,,total,operator,8192,0,∞,,,,83886080,83886080,5120,16384,,,,,,table_IIb/01_qkv_projection,table_IIb/01_qkv_projection/data/results.json,c342f0781f396df3d18d6bfcc94bdef95c3846f9985a8ca0e038297f0ef69a27,2,6377df5399a9a6333fa9a7374c93047504437936cac7d1b596046aba82eb1297,/cases/4/result/operator
ling_1t/qkv_projection/one_token,ling_1t,268f2aa76aa8cf5b36ca33805481cea91133327e,4,qkv_projection,,,Q,ports,524288,0,∞,4096,"[8192,8192]",1,67108864,67108864,4096,,,,,,,table_IIb/01_qkv_projection,table_IIb/01_qkv_projection/data/results.json,c342f0781f396df3d18d6bfcc94bdef95c3846f9985a8ca0e038297f0ef69a27,2,6377df5399a9a6333fa9a7374c93047504437936cac7d1b596046aba82eb1297,/cases/4/result/parts/Q/ports
ling_1t/qkv_projection/one_token,ling_1t,268f2aa76aa8cf5b36ca33805481cea91133327e,4,qkv_projection,,,Q,operator,8192,0,∞,,"[8192,8192]",1,67108864,67108864,4096,,,,,,,table_IIb/01_qkv_projection,table_IIb/01_qkv_projection/data/results.json,c342f0781f396df3d18d6bfcc94bdef95c3846f9985a8ca0e038297f0ef69a27,2,6377df5399a9a6333fa9a7374c93047504437936cac7d1b596046aba82eb1297,/cases/4/result/parts/Q/operator
ling_1t/qkv_projection/one_token,ling_1t,268f2aa76aa8cf5b36ca33805481cea91133327e,4,qkv_projection,,,K,ports,65536,0,∞,512,"[1024,8192]",1,8388608,8388608,512,,,,,,,table_IIb/01_qkv_projection,table_IIb/01_qkv_projection/data/results.json,c342f0781f396df3d18d6bfcc94bdef95c3846f9985a8ca0e038297f0ef69a27,2,6377df5399a9a6333fa9a7374c93047504437936cac7d1b596046aba82eb1297,/cases/4/result/parts/K/ports
ling_1t/qkv_projection/one_token,ling_1t,268f2aa76aa8cf5b36ca33805481cea91133327e,4,qkv_projection,,,K,operator,8192,0,∞,,"[1024,8192]",1,8388608,8388608,512,,,,,,,table_IIb/01_qkv_projection,table_IIb/01_qkv_projection/data/results.json,c342f0781f396df3d18d6bfcc94bdef95c3846f9985a8ca0e038297f0ef69a27,2,6377df5399a9a6333fa9a7374c93047504437936cac7d1b596046aba82eb1297,/cases/4/result/parts/K/operator
ling_1t/qkv_projection/one_token,ling_1t,268f2aa76aa8cf5b36ca33805481cea91133327e,4,qkv_projection,,,V,ports,65536,0,∞,512,"[1024,8192]",1,8388608,8388608,512,,,,,,,table_IIb/01_qkv_projection,table_IIb/01_qkv_projection/data/results.json,c342f0781f396df3d18d6bfcc94bdef95c3846f9985a8ca0e038297f0ef69a27,2,6377df5399a9a6333fa9a7374c93047504437936cac7d1b596046aba82eb1297,/cases/4/result/parts/V/ports
ling_1t/qkv_projection/one_token,ling_1t,268f2aa76aa8cf5b36ca33805481cea91133327e,4,qkv_projection,,,V,operator,8192,0,∞,,"[1024,8192]",1,8388608,8388608,512,,,,,,,table_IIb/01_qkv_projection,table_IIb/01_qkv_projection/data/results.json,c342f0781f396df3d18d6bfcc94bdef95c3846f9985a8ca0e038297f0ef69a27,2,6377df5399a9a6333fa9a7374c93047504437936cac7d1b596046aba82eb1297,/cases/4/result/parts/V/operator
ling_1t/ffn_or_moe/8,ling_1t,268f2aa76aa8cf5b36ca33805481cea91133327e,4,ffn_or_moe,8,,total,ports,3145728,50331648,1/16,24576,,,50331648,50331648,3072,65536,,,,,,table_IIb/02_ffn_moe,table_IIb/02_ffn_moe/data/results.json,5fc920987cd169108e39c72b5c844d0217b504dedffb8f9fbfce8f0ce40a4e8b,2,de42185a100e94d874030d7df9728cfb0a3787f0f59e9b57c02a9b05b03b7aaf,/cases/12/result/ports
ling_1t/ffn_or_moe/8,ling_1t,268f2aa76aa8cf5b36ca33805481cea91133327e,4,ffn_or_moe,8,,total,operator,81920,50331648,5/3072,,,,50331648,50331648,3072,65536,,,,,,table_IIb/02_ffn_moe,table_IIb/02_ffn_moe/data/results.json,5fc920987cd169108e39c72b5c844d0217b504dedffb8f9fbfce8f0ce40a4e8b,2,de42185a100e94d874030d7df9728cfb0a3787f0f59e9b57c02a9b05b03b7aaf,/cases/12/result/operator
ling_1t/ffn_or_moe/8,ling_1t,268f2aa76aa8cf5b36ca33805481cea91133327e,4,ffn_or_moe,8,,gate,ports,1048576,16777216,1/16,8192,"[2048,8192]",1,16777216,16777216,1024,,,,,,,table_IIb/02_ffn_moe,table_IIb/02_ffn_moe/data/results.json,5fc920987cd169108e39c72b5c844d0217b504dedffb8f9fbfce8f0ce40a4e8b,2,de42185a100e94d874030d7df9728cfb0a3787f0f59e9b57c02a9b05b03b7aaf,/cases/12/result/parts/gate/ports
ling_1t/ffn_or_moe/8,ling_1t,268f2aa76aa8cf5b36ca33805481cea91133327e,4,ffn_or_moe,8,,gate,operator,65536,16777216,1/256,,"[2048,8192]",1,16777216,16777216,1024,,,,,,,table_IIb/02_ffn_moe,table_IIb/02_ffn_moe/data/results.json,5fc920987cd169108e39c72b5c844d0217b504dedffb8f9fbfce8f0ce40a4e8b,2,de42185a100e94d874030d7df9728cfb0a3787f0f59e9b57c02a9b05b03b7aaf,/cases/12/result/parts/gate/operator
ling_1t/ffn_or_moe/8,ling_1t,268f2aa76aa8cf5b36ca33805481cea91133327e,4,ffn_or_moe,8,,up,ports,1048576,16777216,1/16,8192,"[2048,8192]",1,16777216,16777216,1024,,,,,,,table_IIb/02_ffn_moe,table_IIb/02_ffn_moe/data/results.json,5fc920987cd169108e39c72b5c844d0217b504dedffb8f9fbfce8f0ce40a4e8b,2,de42185a100e94d874030d7df9728cfb0a3787f0f59e9b57c02a9b05b03b7aaf,/cases/12/result/parts/up/ports
ling_1t/ffn_or_moe/8,ling_1t,268f2aa76aa8cf5b36ca33805481cea91133327e,4,ffn_or_moe,8,,up,operator,65536,16777216,1/256,,"[2048,8192]",1,16777216,16777216,1024,,,,,,,table_IIb/02_ffn_moe,table_IIb/02_ffn_moe/data/results.json,5fc920987cd169108e39c72b5c844d0217b504dedffb8f9fbfce8f0ce40a4e8b,2,de42185a100e94d874030d7df9728cfb0a3787f0f59e9b57c02a9b05b03b7aaf,/cases/12/result/parts/up/operator
ling_1t/ffn_or_moe/8,ling_1t,268f2aa76aa8cf5b36ca33805481cea91133327e,4,ffn_or_moe,8,,down,ports,1048576,16777216,1/16,8192,"[8192,2048]",1,16777216,16777216,1024,,,,,,,table_IIb/02_ffn_moe,table_IIb/02_ffn_moe/data/results.json,5fc920987cd169108e39c72b5c844d0217b504dedffb8f9fbfce8f0ce40a4e8b,2,de42185a100e94d874030d7df9728cfb0a3787f0f59e9b57c02a9b05b03b7aaf,/cases/12/result/parts/down/ports
ling_1t/ffn_or_moe/8,ling_1t,268f2aa76aa8cf5b36ca33805481cea91133327e,4,ffn_or_moe,8,,down,operator,16384,16777216,1/1024,,"[8192,2048]",1,16777216,16777216,1024,,,,,,,table_IIb/02_ffn_moe,table_IIb/02_ffn_moe/data/results.json,5fc920987cd169108e39c72b5c844d0217b504dedffb8f9fbfce8f0ce40a4e8b,2,de42185a100e94d874030d7df9728cfb0a3787f0f59e9b57c02a9b05b03b7aaf,/cases/12/result/parts/down/operator
ling_1t/ffn_or_moe/64,ling_1t,268f2aa76aa8cf5b36ca33805481cea91133327e,4,ffn_or_moe,64,,total,ports,25165824,50331648,1/2,196608,,,50331648,50331648,3072,524288,,,,,,table_IIb/02_ffn_moe,table_IIb/02_ffn_moe/data/results.json,5fc920987cd169108e39c72b5c844d0217b504dedffb8f9fbfce8f0ce40a4e8b,2,de42185a100e94d874030d7df9728cfb0a3787f0f59e9b57c02a9b05b03b7aaf,/cases/13/result/ports
ling_1t/ffn_or_moe/64,ling_1t,268f2aa76aa8cf5b36ca33805481cea91133327e,4,ffn_or_moe,64,,total,operator,655360,50331648,5/384,,,,50331648,50331648,3072,524288,,,,,,table_IIb/02_ffn_moe,table_IIb/02_ffn_moe/data/results.json,5fc920987cd169108e39c72b5c844d0217b504dedffb8f9fbfce8f0ce40a4e8b,2,de42185a100e94d874030d7df9728cfb0a3787f0f59e9b57c02a9b05b03b7aaf,/cases/13/result/operator
ling_1t/ffn_or_moe/64,ling_1t,268f2aa76aa8cf5b36ca33805481cea91133327e,4,ffn_or_moe,64,,gate,ports,8388608,16777216,1/2,65536,"[2048,8192]",1,16777216,16777216,1024,,,,,,,table_IIb/02_ffn_moe,table_IIb/02_ffn_moe/data/results.json,5fc920987cd169108e39c72b5c844d0217b504dedffb8f9fbfce8f0ce40a4e8b,2,de42185a100e94d874030d7df9728cfb0a3787f0f59e9b57c02a9b05b03b7aaf,/cases/13/result/parts/gate/ports
ling_1t/ffn_or_moe/64,ling_1t,268f2aa76aa8cf5b36ca33805481cea91133327e,4,ffn_or_moe,64,,gate,operator,524288,16777216,1/32,,"[2048,8192]",1,16777216,16777216,1024,,,,,,,table_IIb/02_ffn_moe,table_IIb/02_ffn_moe/data/results.json,5fc920987cd169108e39c72b5c844d0217b504dedffb8f9fbfce8f0ce40a4e8b,2,de42185a100e94d874030d7df9728cfb0a3787f0f59e9b57c02a9b05b03b7aaf,/cases/13/result/parts/gate/operator
ling_1t/ffn_or_moe/64,ling_1t,268f2aa76aa8cf5b36ca33805481cea91133327e,4,ffn_or_moe,64,,up,ports,8388608,16777216,1/2,65536,"[2048,8192]",1,16777216,16777216,1024,,,,,,,table_IIb/02_ffn_moe,table_IIb/02_ffn_moe/data/results.json,5fc920987cd169108e39c72b5c844d0217b504dedffb8f9fbfce8f0ce40a4e8b,2,de42185a100e94d874030d7df9728cfb0a3787f0f59e9b57c02a9b05b03b7aaf,/cases/13/result/parts/up/ports
ling_1t/ffn_or_moe/64,ling_1t,268f2aa76aa8cf5b36ca33805481cea91133327e,4,ffn_or_moe,64,,up,operator,524288,16777216,1/32,,"[2048,8192]",1,16777216,16777216,1024,,,,,,,table_IIb/02_ffn_moe,table_IIb/02_ffn_moe/data/results.json,5fc920987cd169108e39c72b5c844d0217b504dedffb8f9fbfce8f0ce40a4e8b,2,de42185a100e94d874030d7df9728cfb0a3787f0f59e9b57c02a9b05b03b7aaf,/cases/13/result/parts/up/operator
ling_1t/ffn_or_moe/64,ling_1t,268f2aa76aa8cf5b36ca33805481cea91133327e,4,ffn_or_moe,64,,down,ports,8388608,16777216,1/2,65536,"[8192,2048]",1,16777216,16777216,1024,,,,,,,table_IIb/02_ffn_moe,table_IIb/02_ffn_moe/data/results.json,5fc920987cd169108e39c72b5c844d0217b504dedffb8f9fbfce8f0ce40a4e8b,2,de42185a100e94d874030d7df9728cfb0a3787f0f59e9b57c02a9b05b03b7aaf,/cases/13/result/parts/down/ports
ling_1t/ffn_or_moe/64,ling_1t,268f2aa76aa8cf5b36ca33805481cea91133327e,4,ffn_or_moe,64,,down,operator,131072,16777216,1/128,,"[8192,2048]",1,16777216,16777216,1024,,,,,,,table_IIb/02_ffn_moe,table_IIb/02_ffn_moe/data/results.json,5fc920987cd169108e39c72b5c844d0217b504dedffb8f9fbfce8f0ce40a4e8b,2,de42185a100e94d874030d7df9728cfb0a3787f0f59e9b57c02a9b05b03b7aaf,/cases/13/result/parts/down/operator
ling_1t/ffn_or_moe/512,ling_1t,268f2aa76aa8cf5b36ca33805481cea91133327e,4,ffn_or_moe,512,,total,ports,201326592,50331648,4,1572864,,,50331648,50331648,3072,4194304,,,,,,table_IIb/02_ffn_moe,table_IIb/02_ffn_moe/data/results.json,5fc920987cd169108e39c72b5c844d0217b504dedffb8f9fbfce8f0ce40a4e8b,2,de42185a100e94d874030d7df9728cfb0a3787f0f59e9b57c02a9b05b03b7aaf,/cases/14/result/ports
ling_1t/ffn_or_moe/512,ling_1t,268f2aa76aa8cf5b36ca33805481cea91133327e,4,ffn_or_moe,512,,total,operator,5242880,50331648,5/48,,,,50331648,50331648,3072,4194304,,,,,,table_IIb/02_ffn_moe,table_IIb/02_ffn_moe/data/results.json,5fc920987cd169108e39c72b5c844d0217b504dedffb8f9fbfce8f0ce40a4e8b,2,de42185a100e94d874030d7df9728cfb0a3787f0f59e9b57c02a9b05b03b7aaf,/cases/14/result/operator
ling_1t/ffn_or_moe/512,ling_1t,268f2aa76aa8cf5b36ca33805481cea91133327e,4,ffn_or_moe,512,,gate,ports,67108864,16777216,4,524288,"[2048,8192]",1,16777216,16777216,1024,,,,,,,table_IIb/02_ffn_moe,table_IIb/02_ffn_moe/data/results.json,5fc920987cd169108e39c72b5c844d0217b504dedffb8f9fbfce8f0ce40a4e8b,2,de42185a100e94d874030d7df9728cfb0a3787f0f59e9b57c02a9b05b03b7aaf,/cases/14/result/parts/gate/ports
ling_1t/ffn_or_moe/512,ling_1t,268f2aa76aa8cf5b36ca33805481cea91133327e,4,ffn_or_moe,512,,gate,operator,4194304,16777216,1/4,,"[2048,8192]",1,16777216,16777216,1024,,,,,,,table_IIb/02_ffn_moe,table_IIb/02_ffn_moe/data/results.json,5fc920987cd169108e39c72b5c844d0217b504dedffb8f9fbfce8f0ce40a4e8b,2,de42185a100e94d874030d7df9728cfb0a3787f0f59e9b57c02a9b05b03b7aaf,/cases/14/result/parts/gate/operator
ling_1t/ffn_or_moe/512,ling_1t,268f2aa76aa8cf5b36ca33805481cea91133327e,4,ffn_or_moe,512,,up,ports,67108864,16777216,4,524288,"[2048,8192]",1,16777216,16777216,1024,,,,,,,table_IIb/02_ffn_moe,table_IIb/02_ffn_moe/data/results.json,5fc920987cd169108e39c72b5c844d0217b504dedffb8f9fbfce8f0ce40a4e8b,2,de42185a100e94d874030d7df9728cfb0a3787f0f59e9b57c02a9b05b03b7aaf,/cases/14/result/parts/up/ports
ling_1t/ffn_or_moe/512,ling_1t,268f2aa76aa8cf5b36ca33805481cea91133327e,4,ffn_or_moe,512,,up,operator,4194304,16777216,1/4,,"[2048,8192]",1,16777216,16777216,1024,,,,,,,table_IIb/02_ffn_moe,table_IIb/02_ffn_moe/data/results.json,5fc920987cd169108e39c72b5c844d0217b504dedffb8f9fbfce8f0ce40a4e8b,2,de42185a100e94d874030d7df9728cfb0a3787f0f59e9b57c02a9b05b03b7aaf,/cases/14/result/parts/up/operator
ling_1t/ffn_or_moe/512,ling_1t,268f2aa76aa8cf5b36ca33805481cea91133327e,4,ffn_or_moe,512,,down,ports,67108864,16777216,4,524288,"[8192,2048]",1,16777216,16777216,1024,,,,,,,table_IIb/02_ffn_moe,table_IIb/02_ffn_moe/data/results.json,5fc920987cd169108e39c72b5c844d0217b504dedffb8f9fbfce8f0ce40a4e8b,2,de42185a100e94d874030d7df9728cfb0a3787f0f59e9b57c02a9b05b03b7aaf,/cases/14/result/parts/down/ports
ling_1t/ffn_or_moe/512,ling_1t,268f2aa76aa8cf5b36ca33805481cea91133327e,4,ffn_or_moe,512,,down,operator,1048576,16777216,1/16,,"[8192,2048]",1,16777216,16777216,1024,,,,,,,table_IIb/02_ffn_moe,table_IIb/02_ffn_moe/data/results.json,5fc920987cd169108e39c72b5c844d0217b504dedffb8f9fbfce8f0ce40a4e8b,2,de42185a100e94d874030d7df9728cfb0a3787f0f59e9b57c02a9b05b03b7aaf,/cases/14/result/parts/down/operator
ling_1t/attention_prefill/1024,ling_1t,268f2aa76aa8cf5b36ca33805481cea91133327e,4,attention_prefill,,1024,total,ports,71335936,2097152,2177/64,589824,,,2097152,2097152,128,0,0,1024,0,1024,,table_IIb/03_attention,table_IIb/03_attention/data/results.json,7f552ac50508897407e7856c96221a3a73e2ac28ff5629b512a9f35736875107,1,e0e1012922866def44382db5340c409bce49d90a85ab6f7642d96174d65e2cfa,/cases/24/result/ports
ling_1t/attention_prefill/1024,ling_1t,268f2aa76aa8cf5b36ca33805481cea91133327e,4,attention_prefill,,1024,total,operator,41975808,2097152,1281/64,,,,2097152,2097152,128,0,0,1024,0,1024,,table_IIb/03_attention,table_IIb/03_attention/data/results.json,7f552ac50508897407e7856c96221a3a73e2ac28ff5629b512a9f35736875107,1,e0e1012922866def44382db5340c409bce49d90a85ab6f7642d96174d65e2cfa,/cases/24/result/operator
ling_1t/attention_prefill/1024,ling_1t,268f2aa76aa8cf5b36ca33805481cea91133327e,4,attention_prefill,,1024,QK,ports,37748736,1048576,36,294912,"[1024,128]",8,1048576,1048576,64,,,,,,"{""valid_slice_N_K_per_head_per_token"":[[1,128]],""logical_slice_write_events"":8192,""events_are_not_device_write_transactions"":true,""per_token_logical_slice_write_events"":8,""valid_write_bytes_per_token"":1024}",table_IIb/03_attention,table_IIb/03_attention/data/results.json,7f552ac50508897407e7856c96221a3a73e2ac28ff5629b512a9f35736875107,1,e0e1012922866def44382db5340c409bce49d90a85ab6f7642d96174d65e2cfa,/cases/24/result/parts/QK/ports
ling_1t/attention_prefill/1024,ling_1t,268f2aa76aa8cf5b36ca33805481cea91133327e,4,attention_prefill,,1024,QK,operator,8388608,1048576,8,,"[1024,128]",8,1048576,1048576,64,,,,,,"{""valid_slice_N_K_per_head_per_token"":[[1,128]],""logical_slice_write_events"":8192,""events_are_not_device_write_transactions"":true,""per_token_logical_slice_write_events"":8,""valid_write_bytes_per_token"":1024}",table_IIb/03_attention,table_IIb/03_attention/data/results.json,7f552ac50508897407e7856c96221a3a73e2ac28ff5629b512a9f35736875107,1,e0e1012922866def44382db5340c409bce49d90a85ab6f7642d96174d65e2cfa,/cases/24/result/parts/QK/operator
ling_1t/attention_prefill/1024,ling_1t,268f2aa76aa8cf5b36ca33805481cea91133327e,4,attention_prefill,,1024,AV,ports,33587200,1048576,1025/32,294912,"[128,1024]",8,1048576,1048576,64,,,,,,"{""valid_slice_N_K_per_head_per_token"":[[128,1]],""logical_slice_write_events"":8192,""events_are_not_device_write_transactions"":true,""per_token_logical_slice_write_events"":8,""valid_write_bytes_per_token"":1024}",table_IIb/03_attention,table_IIb/03_attention/data/results.json,7f552ac50508897407e7856c96221a3a73e2ac28ff5629b512a9f35736875107,1,e0e1012922866def44382db5340c409bce49d90a85ab6f7642d96174d65e2cfa,/cases/24/result/parts/AV/ports
ling_1t/attention_prefill/1024,ling_1t,268f2aa76aa8cf5b36ca33805481cea91133327e,4,attention_prefill,,1024,AV,operator,33587200,1048576,1025/32,,"[128,1024]",8,1048576,1048576,64,,,,,,"{""valid_slice_N_K_per_head_per_token"":[[128,1]],""logical_slice_write_events"":8192,""events_are_not_device_write_transactions"":true,""per_token_logical_slice_write_events"":8,""valid_write_bytes_per_token"":1024}",table_IIb/03_attention,table_IIb/03_attention/data/results.json,7f552ac50508897407e7856c96221a3a73e2ac28ff5629b512a9f35736875107,1,e0e1012922866def44382db5340c409bce49d90a85ab6f7642d96174d65e2cfa,/cases/24/result/parts/AV/operator
ling_1t/attention_prefill/16384,ling_1t,268f2aa76aa8cf5b36ca33805481cea91133327e,4,attention_prefill,,16384,total,ports,17247502336,33554432,32897/64,135266304,,,33554432,33554432,2048,0,0,16384,0,16384,,table_IIb/03_attention,table_IIb/03_attention/data/results.json,7f552ac50508897407e7856c96221a3a73e2ac28ff5629b512a9f35736875107,1,e0e1012922866def44382db5340c409bce49d90a85ab6f7642d96174d65e2cfa,/cases/25/result/ports
ling_1t/attention_prefill/16384,ling_1t,268f2aa76aa8cf5b36ca33805481cea91133327e,4,attention_prefill,,16384,total,operator,8724676608,33554432,16641/64,,,,33554432,33554432,2048,0,0,16384,0,16384,,table_IIb/03_attention,table_IIb/03_attention/data/results.json,7f552ac50508897407e7856c96221a3a73e2ac28ff5629b512a9f35736875107,1,e0e1012922866def44382db5340c409bce49d90a85ab6f7642d96174d65e2cfa,/cases/25/result/operator
ling_1t/attention_prefill/16384,ling_1t,268f2aa76aa8cf5b36ca33805481cea91133327e,4,attention_prefill,,16384,QK,ports,8657043456,16777216,516,67633152,"[16384,128]",8,16777216,16777216,1024,,,,,,"{""valid_slice_N_K_per_head_per_token"":[[1,128]],""logical_slice_write_events"":131072,""events_are_not_device_write_transactions"":true,""per_token_logical_slice_write_events"":8,""valid_write_bytes_per_token"":1024}",table_IIb/03_attention,table_IIb/03_attention/data/results.json,7f552ac50508897407e7856c96221a3a73e2ac28ff5629b512a9f35736875107,1,e0e1012922866def44382db5340c409bce49d90a85ab6f7642d96174d65e2cfa,/cases/25/result/parts/QK/ports
ling_1t/attention_prefill/16384,ling_1t,268f2aa76aa8cf5b36ca33805481cea91133327e,4,attention_prefill,,16384,QK,operator,134217728,16777216,8,,"[16384,128]",8,16777216,16777216,1024,,,,,,"{""valid_slice_N_K_per_head_per_token"":[[1,128]],""logical_slice_write_events"":131072,""events_are_not_device_write_transactions"":true,""per_token_logical_slice_write_events"":8,""valid_write_bytes_per_token"":1024}",table_IIb/03_attention,table_IIb/03_attention/data/results.json,7f552ac50508897407e7856c96221a3a73e2ac28ff5629b512a9f35736875107,1,e0e1012922866def44382db5340c409bce49d90a85ab6f7642d96174d65e2cfa,/cases/25/result/parts/QK/operator
ling_1t/attention_prefill/16384,ling_1t,268f2aa76aa8cf5b36ca33805481cea91133327e,4,attention_prefill,,16384,AV,ports,8590458880,16777216,16385/32,67633152,"[128,16384]",8,16777216,16777216,1024,,,,,,"{""valid_slice_N_K_per_head_per_token"":[[128,1]],""logical_slice_write_events"":131072,""events_are_not_device_write_transactions"":true,""per_token_logical_slice_write_events"":8,""valid_write_bytes_per_token"":1024}",table_IIb/03_attention,table_IIb/03_attention/data/results.json,7f552ac50508897407e7856c96221a3a73e2ac28ff5629b512a9f35736875107,1,e0e1012922866def44382db5340c409bce49d90a85ab6f7642d96174d65e2cfa,/cases/25/result/parts/AV/ports
ling_1t/attention_prefill/16384,ling_1t,268f2aa76aa8cf5b36ca33805481cea91133327e,4,attention_prefill,,16384,AV,operator,8590458880,16777216,16385/32,,"[128,16384]",8,16777216,16777216,1024,,,,,,"{""valid_slice_N_K_per_head_per_token"":[[128,1]],""logical_slice_write_events"":131072,""events_are_not_device_write_transactions"":true,""per_token_logical_slice_write_events"":8,""valid_write_bytes_per_token"":1024}",table_IIb/03_attention,table_IIb/03_attention/data/results.json,7f552ac50508897407e7856c96221a3a73e2ac28ff5629b512a9f35736875107,1,e0e1012922866def44382db5340c409bce49d90a85ab6f7642d96174d65e2cfa,/cases/25/result/parts/AV/operator
ling_1t/attention_prefill/131072,ling_1t,268f2aa76aa8cf5b36ca33805481cea91133327e,4,attention_prefill,,131072,total,ports,1100052692992,268435456,262273/64,8598323200,,,268435456,268435456,16384,0,0,131072,0,131072,,table_IIb/03_attention,table_IIb/03_attention/data/results.json,7f552ac50508897407e7856c96221a3a73e2ac28ff5629b512a9f35736875107,1,e0e1012922866def44382db5340c409bce49d90a85ab6f7642d96174d65e2cfa,/cases/26/result/ports
ling_1t/attention_prefill/131072,ling_1t,268f2aa76aa8cf5b36ca33805481cea91133327e,4,attention_prefill,,131072,total,operator,550833750016,268435456,131329/64,,,,268435456,268435456,16384,0,0,131072,0,131072,,table_IIb/03_attention,table_IIb/03_attention/data/results.json,7f552ac50508897407e7856c96221a3a73e2ac28ff5629b512a9f35736875107,1,e0e1012922866def44382db5340c409bce49d90a85ab6f7642d96174d65e2cfa,/cases/26/result/operator
ling_1t/attention_prefill/131072,ling_1t,268f2aa76aa8cf5b36ca33805481cea91133327e,4,attention_prefill,,131072,QK,ports,550292684800,134217728,4100,4299161600,"[131072,128]",8,134217728,134217728,8192,,,,,,"{""valid_slice_N_K_per_head_per_token"":[[1,128]],""logical_slice_write_events"":1048576,""events_are_not_device_write_transactions"":true,""per_token_logical_slice_write_events"":8,""valid_write_bytes_per_token"":1024}",table_IIb/03_attention,table_IIb/03_attention/data/results.json,7f552ac50508897407e7856c96221a3a73e2ac28ff5629b512a9f35736875107,1,e0e1012922866def44382db5340c409bce49d90a85ab6f7642d96174d65e2cfa,/cases/26/result/parts/QK/ports
ling_1t/attention_prefill/131072,ling_1t,268f2aa76aa8cf5b36ca33805481cea91133327e,4,attention_prefill,,131072,QK,operator,1073741824,134217728,8,,"[131072,128]",8,134217728,134217728,8192,,,,,,"{""valid_slice_N_K_per_head_per_token"":[[1,128]],""logical_slice_write_events"":1048576,""events_are_not_device_write_transactions"":true,""per_token_logical_slice_write_events"":8,""valid_write_bytes_per_token"":1024}",table_IIb/03_attention,table_IIb/03_attention/data/results.json,7f552ac50508897407e7856c96221a3a73e2ac28ff5629b512a9f35736875107,1,e0e1012922866def44382db5340c409bce49d90a85ab6f7642d96174d65e2cfa,/cases/26/result/parts/QK/operator
ling_1t/attention_prefill/131072,ling_1t,268f2aa76aa8cf5b36ca33805481cea91133327e,4,attention_prefill,,131072,AV,ports,549760008192,134217728,131073/32,4299161600,"[128,131072]",8,134217728,134217728,8192,,,,,,"{""valid_slice_N_K_per_head_per_token"":[[128,1]],""logical_slice_write_events"":1048576,""events_are_not_device_write_transactions"":true,""per_token_logical_slice_write_events"":8,""valid_write_bytes_per_token"":1024}",table_IIb/03_attention,table_IIb/03_attention/data/results.json,7f552ac50508897407e7856c96221a3a73e2ac28ff5629b512a9f35736875107,1,e0e1012922866def44382db5340c409bce49d90a85ab6f7642d96174d65e2cfa,/cases/26/result/parts/AV/ports
ling_1t/attention_prefill/131072,ling_1t,268f2aa76aa8cf5b36ca33805481cea91133327e,4,attention_prefill,,131072,AV,operator,549760008192,134217728,131073/32,,"[128,131072]",8,134217728,134217728,8192,,,,,,"{""valid_slice_N_K_per_head_per_token"":[[128,1]],""logical_slice_write_events"":1048576,""events_are_not_device_write_transactions"":true,""per_token_logical_slice_write_events"":8,""valid_write_bytes_per_token"":1024}",table_IIb/03_attention,table_IIb/03_attention/data/results.json,7f552ac50508897407e7856c96221a3a73e2ac28ff5629b512a9f35736875107,1,e0e1012922866def44382db5340c409bce49d90a85ab6f7642d96174d65e2cfa,/cases/26/result/parts/AV/operator
ling_1t/attention_decode/1024,ling_1t,268f2aa76aa8cf5b36ca33805481cea91133327e,4,attention_decode,,1024,total,ports,131072,2048,64,1024,,,2097152,2097152,128,0,1023,1024,2095104,1,,table_IIb/03_attention,table_IIb/03_attention/data/results.json,7f552ac50508897407e7856c96221a3a73e2ac28ff5629b512a9f35736875107,1,e0e1012922866def44382db5340c409bce49d90a85ab6f7642d96174d65e2cfa,/cases/27/result/ports
ling_1t/attention_decode/1024,ling_1t,268f2aa76aa8cf5b36ca33805481cea91133327e,4,attention_decode,,1024,total,operator,73728,2048,36,,,,2097152,2097152,128,0,1023,1024,2095104,1,,table_IIb/03_attention,table_IIb/03_attention/data/results.json,7f552ac50508897407e7856c96221a3a73e2ac28ff5629b512a9f35736875107,1,e0e1012922866def44382db5340c409bce49d90a85ab6f7642d96174d65e2cfa,/cases/27/result/operator
ling_1t/attention_decode/1024,ling_1t,268f2aa76aa8cf5b36ca33805481cea91133327e,4,attention_decode,,1024,QK,ports,65536,1024,64,512,"[1024,128]",8,1048576,1048576,64,,,,,,"{""valid_slice_N_K_per_head_per_token"":[[1,128]],""logical_slice_write_events"":8,""events_are_not_device_write_transactions"":true,""per_token_logical_slice_write_events"":8,""valid_write_bytes_per_token"":1024}",table_IIb/03_attention,table_IIb/03_attention/data/results.json,7f552ac50508897407e7856c96221a3a73e2ac28ff5629b512a9f35736875107,1,e0e1012922866def44382db5340c409bce49d90a85ab6f7642d96174d65e2cfa,/cases/27/result/parts/QK/ports
ling_1t/attention_decode/1024,ling_1t,268f2aa76aa8cf5b36ca33805481cea91133327e,4,attention_decode,,1024,QK,operator,8192,1024,8,,"[1024,128]",8,1048576,1048576,64,,,,,,"{""valid_slice_N_K_per_head_per_token"":[[1,128]],""logical_slice_write_events"":8,""events_are_not_device_write_transactions"":true,""per_token_logical_slice_write_events"":8,""valid_write_bytes_per_token"":1024}",table_IIb/03_attention,table_IIb/03_attention/data/results.json,7f552ac50508897407e7856c96221a3a73e2ac28ff5629b512a9f35736875107,1,e0e1012922866def44382db5340c409bce49d90a85ab6f7642d96174d65e2cfa,/cases/27/result/parts/QK/operator
ling_1t/attention_decode/1024,ling_1t,268f2aa76aa8cf5b36ca33805481cea91133327e,4,attention_decode,,1024,AV,ports,65536,1024,64,512,"[128,1024]",8,1048576,1048576,64,,,,,,"{""valid_slice_N_K_per_head_per_token"":[[128,1]],""logical_slice_write_events"":8,""events_are_not_device_write_transactions"":true,""per_token_logical_slice_write_events"":8,""valid_write_bytes_per_token"":1024}",table_IIb/03_attention,table_IIb/03_attention/data/results.json,7f552ac50508897407e7856c96221a3a73e2ac28ff5629b512a9f35736875107,1,e0e1012922866def44382db5340c409bce49d90a85ab6f7642d96174d65e2cfa,/cases/27/result/parts/AV/ports
ling_1t/attention_decode/1024,ling_1t,268f2aa76aa8cf5b36ca33805481cea91133327e,4,attention_decode,,1024,AV,operator,65536,1024,64,,"[128,1024]",8,1048576,1048576,64,,,,,,"{""valid_slice_N_K_per_head_per_token"":[[128,1]],""logical_slice_write_events"":8,""events_are_not_device_write_transactions"":true,""per_token_logical_slice_write_events"":8,""valid_write_bytes_per_token"":1024}",table_IIb/03_attention,table_IIb/03_attention/data/results.json,7f552ac50508897407e7856c96221a3a73e2ac28ff5629b512a9f35736875107,1,e0e1012922866def44382db5340c409bce49d90a85ab6f7642d96174d65e2cfa,/cases/27/result/parts/AV/operator
ling_1t/attention_decode/16384,ling_1t,268f2aa76aa8cf5b36ca33805481cea91133327e,4,attention_decode,,16384,total,ports,2097152,2048,1024,16384,,,33554432,33554432,2048,0,16383,16384,33552384,1,,table_IIb/03_attention,table_IIb/03_attention/data/results.json,7f552ac50508897407e7856c96221a3a73e2ac28ff5629b512a9f35736875107,1,e0e1012922866def44382db5340c409bce49d90a85ab6f7642d96174d65e2cfa,/cases/28/result/ports
ling_1t/attention_decode/16384,ling_1t,268f2aa76aa8cf5b36ca33805481cea91133327e,4,attention_decode,,16384,total,operator,1056768,2048,516,,,,33554432,33554432,2048,0,16383,16384,33552384,1,,table_IIb/03_attention,table_IIb/03_attention/data/results.json,7f552ac50508897407e7856c96221a3a73e2ac28ff5629b512a9f35736875107,1,e0e1012922866def44382db5340c409bce49d90a85ab6f7642d96174d65e2cfa,/cases/28/result/operator
ling_1t/attention_decode/16384,ling_1t,268f2aa76aa8cf5b36ca33805481cea91133327e,4,attention_decode,,16384,QK,ports,1048576,1024,1024,8192,"[16384,128]",8,16777216,16777216,1024,,,,,,"{""valid_slice_N_K_per_head_per_token"":[[1,128]],""logical_slice_write_events"":8,""events_are_not_device_write_transactions"":true,""per_token_logical_slice_write_events"":8,""valid_write_bytes_per_token"":1024}",table_IIb/03_attention,table_IIb/03_attention/data/results.json,7f552ac50508897407e7856c96221a3a73e2ac28ff5629b512a9f35736875107,1,e0e1012922866def44382db5340c409bce49d90a85ab6f7642d96174d65e2cfa,/cases/28/result/parts/QK/ports
ling_1t/attention_decode/16384,ling_1t,268f2aa76aa8cf5b36ca33805481cea91133327e,4,attention_decode,,16384,QK,operator,8192,1024,8,,"[16384,128]",8,16777216,16777216,1024,,,,,,"{""valid_slice_N_K_per_head_per_token"":[[1,128]],""logical_slice_write_events"":8,""events_are_not_device_write_transactions"":true,""per_token_logical_slice_write_events"":8,""valid_write_bytes_per_token"":1024}",table_IIb/03_attention,table_IIb/03_attention/data/results.json,7f552ac50508897407e7856c96221a3a73e2ac28ff5629b512a9f35736875107,1,e0e1012922866def44382db5340c409bce49d90a85ab6f7642d96174d65e2cfa,/cases/28/result/parts/QK/operator
ling_1t/attention_decode/16384,ling_1t,268f2aa76aa8cf5b36ca33805481cea91133327e,4,attention_decode,,16384,AV,ports,1048576,1024,1024,8192,"[128,16384]",8,16777216,16777216,1024,,,,,,"{""valid_slice_N_K_per_head_per_token"":[[128,1]],""logical_slice_write_events"":8,""events_are_not_device_write_transactions"":true,""per_token_logical_slice_write_events"":8,""valid_write_bytes_per_token"":1024}",table_IIb/03_attention,table_IIb/03_attention/data/results.json,7f552ac50508897407e7856c96221a3a73e2ac28ff5629b512a9f35736875107,1,e0e1012922866def44382db5340c409bce49d90a85ab6f7642d96174d65e2cfa,/cases/28/result/parts/AV/ports
ling_1t/attention_decode/16384,ling_1t,268f2aa76aa8cf5b36ca33805481cea91133327e,4,attention_decode,,16384,AV,operator,1048576,1024,1024,,"[128,16384]",8,16777216,16777216,1024,,,,,,"{""valid_slice_N_K_per_head_per_token"":[[128,1]],""logical_slice_write_events"":8,""events_are_not_device_write_transactions"":true,""per_token_logical_slice_write_events"":8,""valid_write_bytes_per_token"":1024}",table_IIb/03_attention,table_IIb/03_attention/data/results.json,7f552ac50508897407e7856c96221a3a73e2ac28ff5629b512a9f35736875107,1,e0e1012922866def44382db5340c409bce49d90a85ab6f7642d96174d65e2cfa,/cases/28/result/parts/AV/operator
ling_1t/attention_decode/131072,ling_1t,268f2aa76aa8cf5b36ca33805481cea91133327e,4,attention_decode,,131072,total,ports,16777216,2048,8192,131072,,,268435456,268435456,16384,0,131071,131072,268433408,1,,table_IIb/03_attention,table_IIb/03_attention/data/results.json,7f552ac50508897407e7856c96221a3a73e2ac28ff5629b512a9f35736875107,1,e0e1012922866def44382db5340c409bce49d90a85ab6f7642d96174d65e2cfa,/cases/29/result/ports
ling_1t/attention_decode/131072,ling_1t,268f2aa76aa8cf5b36ca33805481cea91133327e,4,attention_decode,,131072,total,operator,8396800,2048,4100,,,,268435456,268435456,16384,0,131071,131072,268433408,1,,table_IIb/03_attention,table_IIb/03_attention/data/results.json,7f552ac50508897407e7856c96221a3a73e2ac28ff5629b512a9f35736875107,1,e0e1012922866def44382db5340c409bce49d90a85ab6f7642d96174d65e2cfa,/cases/29/result/operator
ling_1t/attention_decode/131072,ling_1t,268f2aa76aa8cf5b36ca33805481cea91133327e,4,attention_decode,,131072,QK,ports,8388608,1024,8192,65536,"[131072,128]",8,134217728,134217728,8192,,,,,,"{""valid_slice_N_K_per_head_per_token"":[[1,128]],""logical_slice_write_events"":8,""events_are_not_device_write_transactions"":true,""per_token_logical_slice_write_events"":8,""valid_write_bytes_per_token"":1024}",table_IIb/03_attention,table_IIb/03_attention/data/results.json,7f552ac50508897407e7856c96221a3a73e2ac28ff5629b512a9f35736875107,1,e0e1012922866def44382db5340c409bce49d90a85ab6f7642d96174d65e2cfa,/cases/29/result/parts/QK/ports
ling_1t/attention_decode/131072,ling_1t,268f2aa76aa8cf5b36ca33805481cea91133327e,4,attention_decode,,131072,QK,operator,8192,1024,8,,"[131072,128]",8,134217728,134217728,8192,,,,,,"{""valid_slice_N_K_per_head_per_token"":[[1,128]],""logical_slice_write_events"":8,""events_are_not_device_write_transactions"":true,""per_token_logical_slice_write_events"":8,""valid_write_bytes_per_token"":1024}",table_IIb/03_attention,table_IIb/03_attention/data/results.json,7f552ac50508897407e7856c96221a3a73e2ac28ff5629b512a9f35736875107,1,e0e1012922866def44382db5340c409bce49d90a85ab6f7642d96174d65e2cfa,/cases/29/result/parts/QK/operator
ling_1t/attention_decode/131072,ling_1t,268f2aa76aa8cf5b36ca33805481cea91133327e,4,attention_decode,,131072,AV,ports,8388608,1024,8192,65536,"[128,131072]",8,134217728,134217728,8192,,,,,,"{""valid_slice_N_K_per_head_per_token"":[[128,1]],""logical_slice_write_events"":8,""events_are_not_device_write_transactions"":true,""per_token_logical_slice_write_events"":8,""valid_write_bytes_per_token"":1024}",table_IIb/03_attention,table_IIb/03_attention/data/results.json,7f552ac50508897407e7856c96221a3a73e2ac28ff5629b512a9f35736875107,1,e0e1012922866def44382db5340c409bce49d90a85ab6f7642d96174d65e2cfa,/cases/29/result/parts/AV/ports
ling_1t/attention_decode/131072,ling_1t,268f2aa76aa8cf5b36ca33805481cea91133327e,4,attention_decode,,131072,AV,operator,8388608,1024,8192,,"[128,131072]",8,134217728,134217728,8192,,,,,,"{""valid_slice_N_K_per_head_per_token"":[[128,1]],""logical_slice_write_events"":8,""events_are_not_device_write_transactions"":true,""per_token_logical_slice_write_events"":8,""valid_write_bytes_per_token"":1024}",table_IIb/03_attention,table_IIb/03_attention/data/results.json,7f552ac50508897407e7856c96221a3a73e2ac28ff5629b512a9f35736875107,1,e0e1012922866def44382db5340c409bce49d90a85ab6f7642d96174d65e2cfa,/cases/29/result/parts/AV/operator
mimo_v25_pro/qkv_projection/one_token,mimo_v25_pro,21d1ecfecd7bd70f31be25ca49d7edd21f003659,7,qkv_projection,,,total,ports,1302528,0,∞,10176,,,166723584,166723584,10176,12288,,,,,,table_IIb/01_qkv_projection,table_IIb/01_qkv_projection/data/results.json,c342f0781f396df3d18d6bfcc94bdef95c3846f9985a8ca0e038297f0ef69a27,2,6377df5399a9a6333fa9a7374c93047504437936cac7d1b596046aba82eb1297,/cases/5/result/ports
mimo_v25_pro/qkv_projection/one_token,mimo_v25_pro,21d1ecfecd7bd70f31be25ca49d7edd21f003659,7,qkv_projection,,,total,operator,6144,0,∞,,,,166723584,166723584,10176,12288,,,,,,table_IIb/01_qkv_projection,table_IIb/01_qkv_projection/data/results.json,c342f0781f396df3d18d6bfcc94bdef95c3846f9985a8ca0e038297f0ef69a27,2,6377df5399a9a6333fa9a7374c93047504437936cac7d1b596046aba82eb1297,/cases/5/result/operator
mimo_v25_pro/qkv_projection/one_token,mimo_v25_pro,21d1ecfecd7bd70f31be25ca49d7edd21f003659,7,qkv_projection,,,Q,ports,1179648,0,∞,9216,"[24576,6144]",1,150994944,150994944,9216,,,,,,,table_IIb/01_qkv_projection,table_IIb/01_qkv_projection/data/results.json,c342f0781f396df3d18d6bfcc94bdef95c3846f9985a8ca0e038297f0ef69a27,2,6377df5399a9a6333fa9a7374c93047504437936cac7d1b596046aba82eb1297,/cases/5/result/parts/Q/ports
mimo_v25_pro/qkv_projection/one_token,mimo_v25_pro,21d1ecfecd7bd70f31be25ca49d7edd21f003659,7,qkv_projection,,,Q,operator,6144,0,∞,,"[24576,6144]",1,150994944,150994944,9216,,,,,,,table_IIb/01_qkv_projection,table_IIb/01_qkv_projection/data/results.json,c342f0781f396df3d18d6bfcc94bdef95c3846f9985a8ca0e038297f0ef69a27,2,6377df5399a9a6333fa9a7374c93047504437936cac7d1b596046aba82eb1297,/cases/5/result/parts/Q/operator
mimo_v25_pro/qkv_projection/one_token,mimo_v25_pro,21d1ecfecd7bd70f31be25ca49d7edd21f003659,7,qkv_projection,,,K,ports,73728,0,∞,576,"[1536,6144]",1,9437184,9437184,576,,,,,,,table_IIb/01_qkv_projection,table_IIb/01_qkv_projection/data/results.json,c342f0781f396df3d18d6bfcc94bdef95c3846f9985a8ca0e038297f0ef69a27,2,6377df5399a9a6333fa9a7374c93047504437936cac7d1b596046aba82eb1297,/cases/5/result/parts/K/ports
mimo_v25_pro/qkv_projection/one_token,mimo_v25_pro,21d1ecfecd7bd70f31be25ca49d7edd21f003659,7,qkv_projection,,,K,operator,6144,0,∞,,"[1536,6144]",1,9437184,9437184,576,,,,,,,table_IIb/01_qkv_projection,table_IIb/01_qkv_projection/data/results.json,c342f0781f396df3d18d6bfcc94bdef95c3846f9985a8ca0e038297f0ef69a27,2,6377df5399a9a6333fa9a7374c93047504437936cac7d1b596046aba82eb1297,/cases/5/result/parts/K/operator
mimo_v25_pro/qkv_projection/one_token,mimo_v25_pro,21d1ecfecd7bd70f31be25ca49d7edd21f003659,7,qkv_projection,,,V,ports,49152,0,∞,384,"[1024,6144]",1,6291456,6291456,384,,,,,,,table_IIb/01_qkv_projection,table_IIb/01_qkv_projection/data/results.json,c342f0781f396df3d18d6bfcc94bdef95c3846f9985a8ca0e038297f0ef69a27,2,6377df5399a9a6333fa9a7374c93047504437936cac7d1b596046aba82eb1297,/cases/5/result/parts/V/ports
mimo_v25_pro/qkv_projection/one_token,mimo_v25_pro,21d1ecfecd7bd70f31be25ca49d7edd21f003659,7,qkv_projection,,,V,operator,6144,0,∞,,"[1024,6144]",1,6291456,6291456,384,,,,,,,table_IIb/01_qkv_projection,table_IIb/01_qkv_projection/data/results.json,c342f0781f396df3d18d6bfcc94bdef95c3846f9985a8ca0e038297f0ef69a27,2,6377df5399a9a6333fa9a7374c93047504437936cac7d1b596046aba82eb1297,/cases/5/result/parts/V/operator
mimo_v25_pro/ffn_or_moe/8,mimo_v25_pro,21d1ecfecd7bd70f31be25ca49d7edd21f003659,7,ffn_or_moe,8,,total,ports,2359296,37748736,1/16,18432,,,37748736,37748736,2304,49152,,,,,,table_IIb/02_ffn_moe,table_IIb/02_ffn_moe/data/results.json,5fc920987cd169108e39c72b5c844d0217b504dedffb8f9fbfce8f0ce40a4e8b,2,de42185a100e94d874030d7df9728cfb0a3787f0f59e9b57c02a9b05b03b7aaf,/cases/15/result/ports
mimo_v25_pro/ffn_or_moe/8,mimo_v25_pro,21d1ecfecd7bd70f31be25ca49d7edd21f003659,7,ffn_or_moe,8,,total,operator,65536,37748736,1/576,,,,37748736,37748736,2304,49152,,,,,,table_IIb/02_ffn_moe,table_IIb/02_ffn_moe/data/results.json,5fc920987cd169108e39c72b5c844d0217b504dedffb8f9fbfce8f0ce40a4e8b,2,de42185a100e94d874030d7df9728cfb0a3787f0f59e9b57c02a9b05b03b7aaf,/cases/15/result/operator
mimo_v25_pro/ffn_or_moe/8,mimo_v25_pro,21d1ecfecd7bd70f31be25ca49d7edd21f003659,7,ffn_or_moe,8,,gate,ports,786432,12582912,1/16,6144,"[2048,6144]",1,12582912,12582912,768,,,,,,,table_IIb/02_ffn_moe,table_IIb/02_ffn_moe/data/results.json,5fc920987cd169108e39c72b5c844d0217b504dedffb8f9fbfce8f0ce40a4e8b,2,de42185a100e94d874030d7df9728cfb0a3787f0f59e9b57c02a9b05b03b7aaf,/cases/15/result/parts/gate/ports
mimo_v25_pro/ffn_or_moe/8,mimo_v25_pro,21d1ecfecd7bd70f31be25ca49d7edd21f003659,7,ffn_or_moe,8,,gate,operator,49152,12582912,1/256,,"[2048,6144]",1,12582912,12582912,768,,,,,,,table_IIb/02_ffn_moe,table_IIb/02_ffn_moe/data/results.json,5fc920987cd169108e39c72b5c844d0217b504dedffb8f9fbfce8f0ce40a4e8b,2,de42185a100e94d874030d7df9728cfb0a3787f0f59e9b57c02a9b05b03b7aaf,/cases/15/result/parts/gate/operator
mimo_v25_pro/ffn_or_moe/8,mimo_v25_pro,21d1ecfecd7bd70f31be25ca49d7edd21f003659,7,ffn_or_moe,8,,up,ports,786432,12582912,1/16,6144,"[2048,6144]",1,12582912,12582912,768,,,,,,,table_IIb/02_ffn_moe,table_IIb/02_ffn_moe/data/results.json,5fc920987cd169108e39c72b5c844d0217b504dedffb8f9fbfce8f0ce40a4e8b,2,de42185a100e94d874030d7df9728cfb0a3787f0f59e9b57c02a9b05b03b7aaf,/cases/15/result/parts/up/ports
mimo_v25_pro/ffn_or_moe/8,mimo_v25_pro,21d1ecfecd7bd70f31be25ca49d7edd21f003659,7,ffn_or_moe,8,,up,operator,49152,12582912,1/256,,"[2048,6144]",1,12582912,12582912,768,,,,,,,table_IIb/02_ffn_moe,table_IIb/02_ffn_moe/data/results.json,5fc920987cd169108e39c72b5c844d0217b504dedffb8f9fbfce8f0ce40a4e8b,2,de42185a100e94d874030d7df9728cfb0a3787f0f59e9b57c02a9b05b03b7aaf,/cases/15/result/parts/up/operator
mimo_v25_pro/ffn_or_moe/8,mimo_v25_pro,21d1ecfecd7bd70f31be25ca49d7edd21f003659,7,ffn_or_moe,8,,down,ports,786432,12582912,1/16,6144,"[6144,2048]",1,12582912,12582912,768,,,,,,,table_IIb/02_ffn_moe,table_IIb/02_ffn_moe/data/results.json,5fc920987cd169108e39c72b5c844d0217b504dedffb8f9fbfce8f0ce40a4e8b,2,de42185a100e94d874030d7df9728cfb0a3787f0f59e9b57c02a9b05b03b7aaf,/cases/15/result/parts/down/ports
mimo_v25_pro/ffn_or_moe/8,mimo_v25_pro,21d1ecfecd7bd70f31be25ca49d7edd21f003659,7,ffn_or_moe,8,,down,operator,16384,12582912,1/768,,"[6144,2048]",1,12582912,12582912,768,,,,,,,table_IIb/02_ffn_moe,table_IIb/02_ffn_moe/data/results.json,5fc920987cd169108e39c72b5c844d0217b504dedffb8f9fbfce8f0ce40a4e8b,2,de42185a100e94d874030d7df9728cfb0a3787f0f59e9b57c02a9b05b03b7aaf,/cases/15/result/parts/down/operator
mimo_v25_pro/ffn_or_moe/64,mimo_v25_pro,21d1ecfecd7bd70f31be25ca49d7edd21f003659,7,ffn_or_moe,64,,total,ports,18874368,37748736,1/2,147456,,,37748736,37748736,2304,393216,,,,,,table_IIb/02_ffn_moe,table_IIb/02_ffn_moe/data/results.json,5fc920987cd169108e39c72b5c844d0217b504dedffb8f9fbfce8f0ce40a4e8b,2,de42185a100e94d874030d7df9728cfb0a3787f0f59e9b57c02a9b05b03b7aaf,/cases/16/result/ports
mimo_v25_pro/ffn_or_moe/64,mimo_v25_pro,21d1ecfecd7bd70f31be25ca49d7edd21f003659,7,ffn_or_moe,64,,total,operator,524288,37748736,1/72,,,,37748736,37748736,2304,393216,,,,,,table_IIb/02_ffn_moe,table_IIb/02_ffn_moe/data/results.json,5fc920987cd169108e39c72b5c844d0217b504dedffb8f9fbfce8f0ce40a4e8b,2,de42185a100e94d874030d7df9728cfb0a3787f0f59e9b57c02a9b05b03b7aaf,/cases/16/result/operator
mimo_v25_pro/ffn_or_moe/64,mimo_v25_pro,21d1ecfecd7bd70f31be25ca49d7edd21f003659,7,ffn_or_moe,64,,gate,ports,6291456,12582912,1/2,49152,"[2048,6144]",1,12582912,12582912,768,,,,,,,table_IIb/02_ffn_moe,table_IIb/02_ffn_moe/data/results.json,5fc920987cd169108e39c72b5c844d0217b504dedffb8f9fbfce8f0ce40a4e8b,2,de42185a100e94d874030d7df9728cfb0a3787f0f59e9b57c02a9b05b03b7aaf,/cases/16/result/parts/gate/ports
mimo_v25_pro/ffn_or_moe/64,mimo_v25_pro,21d1ecfecd7bd70f31be25ca49d7edd21f003659,7,ffn_or_moe,64,,gate,operator,393216,12582912,1/32,,"[2048,6144]",1,12582912,12582912,768,,,,,,,table_IIb/02_ffn_moe,table_IIb/02_ffn_moe/data/results.json,5fc920987cd169108e39c72b5c844d0217b504dedffb8f9fbfce8f0ce40a4e8b,2,de42185a100e94d874030d7df9728cfb0a3787f0f59e9b57c02a9b05b03b7aaf,/cases/16/result/parts/gate/operator
mimo_v25_pro/ffn_or_moe/64,mimo_v25_pro,21d1ecfecd7bd70f31be25ca49d7edd21f003659,7,ffn_or_moe,64,,up,ports,6291456,12582912,1/2,49152,"[2048,6144]",1,12582912,12582912,768,,,,,,,table_IIb/02_ffn_moe,table_IIb/02_ffn_moe/data/results.json,5fc920987cd169108e39c72b5c844d0217b504dedffb8f9fbfce8f0ce40a4e8b,2,de42185a100e94d874030d7df9728cfb0a3787f0f59e9b57c02a9b05b03b7aaf,/cases/16/result/parts/up/ports
mimo_v25_pro/ffn_or_moe/64,mimo_v25_pro,21d1ecfecd7bd70f31be25ca49d7edd21f003659,7,ffn_or_moe,64,,up,operator,393216,12582912,1/32,,"[2048,6144]",1,12582912,12582912,768,,,,,,,table_IIb/02_ffn_moe,table_IIb/02_ffn_moe/data/results.json,5fc920987cd169108e39c72b5c844d0217b504dedffb8f9fbfce8f0ce40a4e8b,2,de42185a100e94d874030d7df9728cfb0a3787f0f59e9b57c02a9b05b03b7aaf,/cases/16/result/parts/up/operator
mimo_v25_pro/ffn_or_moe/64,mimo_v25_pro,21d1ecfecd7bd70f31be25ca49d7edd21f003659,7,ffn_or_moe,64,,down,ports,6291456,12582912,1/2,49152,"[6144,2048]",1,12582912,12582912,768,,,,,,,table_IIb/02_ffn_moe,table_IIb/02_ffn_moe/data/results.json,5fc920987cd169108e39c72b5c844d0217b504dedffb8f9fbfce8f0ce40a4e8b,2,de42185a100e94d874030d7df9728cfb0a3787f0f59e9b57c02a9b05b03b7aaf,/cases/16/result/parts/down/ports
mimo_v25_pro/ffn_or_moe/64,mimo_v25_pro,21d1ecfecd7bd70f31be25ca49d7edd21f003659,7,ffn_or_moe,64,,down,operator,131072,12582912,1/96,,"[6144,2048]",1,12582912,12582912,768,,,,,,,table_IIb/02_ffn_moe,table_IIb/02_ffn_moe/data/results.json,5fc920987cd169108e39c72b5c844d0217b504dedffb8f9fbfce8f0ce40a4e8b,2,de42185a100e94d874030d7df9728cfb0a3787f0f59e9b57c02a9b05b03b7aaf,/cases/16/result/parts/down/operator
mimo_v25_pro/ffn_or_moe/512,mimo_v25_pro,21d1ecfecd7bd70f31be25ca49d7edd21f003659,7,ffn_or_moe,512,,total,ports,150994944,37748736,4,1179648,,,37748736,37748736,2304,3145728,,,,,,table_IIb/02_ffn_moe,table_IIb/02_ffn_moe/data/results.json,5fc920987cd169108e39c72b5c844d0217b504dedffb8f9fbfce8f0ce40a4e8b,2,de42185a100e94d874030d7df9728cfb0a3787f0f59e9b57c02a9b05b03b7aaf,/cases/17/result/ports
mimo_v25_pro/ffn_or_moe/512,mimo_v25_pro,21d1ecfecd7bd70f31be25ca49d7edd21f003659,7,ffn_or_moe,512,,total,operator,4194304,37748736,1/9,,,,37748736,37748736,2304,3145728,,,,,,table_IIb/02_ffn_moe,table_IIb/02_ffn_moe/data/results.json,5fc920987cd169108e39c72b5c844d0217b504dedffb8f9fbfce8f0ce40a4e8b,2,de42185a100e94d874030d7df9728cfb0a3787f0f59e9b57c02a9b05b03b7aaf,/cases/17/result/operator
mimo_v25_pro/ffn_or_moe/512,mimo_v25_pro,21d1ecfecd7bd70f31be25ca49d7edd21f003659,7,ffn_or_moe,512,,gate,ports,50331648,12582912,4,393216,"[2048,6144]",1,12582912,12582912,768,,,,,,,table_IIb/02_ffn_moe,table_IIb/02_ffn_moe/data/results.json,5fc920987cd169108e39c72b5c844d0217b504dedffb8f9fbfce8f0ce40a4e8b,2,de42185a100e94d874030d7df9728cfb0a3787f0f59e9b57c02a9b05b03b7aaf,/cases/17/result/parts/gate/ports
mimo_v25_pro/ffn_or_moe/512,mimo_v25_pro,21d1ecfecd7bd70f31be25ca49d7edd21f003659,7,ffn_or_moe,512,,gate,operator,3145728,12582912,1/4,,"[2048,6144]",1,12582912,12582912,768,,,,,,,table_IIb/02_ffn_moe,table_IIb/02_ffn_moe/data/results.json,5fc920987cd169108e39c72b5c844d0217b504dedffb8f9fbfce8f0ce40a4e8b,2,de42185a100e94d874030d7df9728cfb0a3787f0f59e9b57c02a9b05b03b7aaf,/cases/17/result/parts/gate/operator
mimo_v25_pro/ffn_or_moe/512,mimo_v25_pro,21d1ecfecd7bd70f31be25ca49d7edd21f003659,7,ffn_or_moe,512,,up,ports,50331648,12582912,4,393216,"[2048,6144]",1,12582912,12582912,768,,,,,,,table_IIb/02_ffn_moe,table_IIb/02_ffn_moe/data/results.json,5fc920987cd169108e39c72b5c844d0217b504dedffb8f9fbfce8f0ce40a4e8b,2,de42185a100e94d874030d7df9728cfb0a3787f0f59e9b57c02a9b05b03b7aaf,/cases/17/result/parts/up/ports
mimo_v25_pro/ffn_or_moe/512,mimo_v25_pro,21d1ecfecd7bd70f31be25ca49d7edd21f003659,7,ffn_or_moe,512,,up,operator,3145728,12582912,1/4,,"[2048,6144]",1,12582912,12582912,768,,,,,,,table_IIb/02_ffn_moe,table_IIb/02_ffn_moe/data/results.json,5fc920987cd169108e39c72b5c844d0217b504dedffb8f9fbfce8f0ce40a4e8b,2,de42185a100e94d874030d7df9728cfb0a3787f0f59e9b57c02a9b05b03b7aaf,/cases/17/result/parts/up/operator
mimo_v25_pro/ffn_or_moe/512,mimo_v25_pro,21d1ecfecd7bd70f31be25ca49d7edd21f003659,7,ffn_or_moe,512,,down,ports,50331648,12582912,4,393216,"[6144,2048]",1,12582912,12582912,768,,,,,,,table_IIb/02_ffn_moe,table_IIb/02_ffn_moe/data/results.json,5fc920987cd169108e39c72b5c844d0217b504dedffb8f9fbfce8f0ce40a4e8b,2,de42185a100e94d874030d7df9728cfb0a3787f0f59e9b57c02a9b05b03b7aaf,/cases/17/result/parts/down/ports
mimo_v25_pro/ffn_or_moe/512,mimo_v25_pro,21d1ecfecd7bd70f31be25ca49d7edd21f003659,7,ffn_or_moe,512,,down,operator,1048576,12582912,1/12,,"[6144,2048]",1,12582912,12582912,768,,,,,,,table_IIb/02_ffn_moe,table_IIb/02_ffn_moe/data/results.json,5fc920987cd169108e39c72b5c844d0217b504dedffb8f9fbfce8f0ce40a4e8b,2,de42185a100e94d874030d7df9728cfb0a3787f0f59e9b57c02a9b05b03b7aaf,/cases/17/result/parts/down/operator
mimo_v25_pro/attention_prefill/1024,mimo_v25_pro,21d1ecfecd7bd70f31be25ca49d7edd21f003659,7,attention_prefill,,1024,total,ports,180420608,2621440,2753/40,1769472,,,2621440,3145728,192,0,0,1024,0,1024,,table_IIb/03_attention,table_IIb/03_attention/data/results.json,7f552ac50508897407e7856c96221a3a73e2ac28ff5629b512a9f35736875107,1,e0e1012922866def44382db5340c409bce49d90a85ab6f7642d96174d65e2cfa,/cases/30/result/ports
mimo_v25_pro/attention_prefill/1024,mimo_v25_pro,21d1ecfecd7bd70f31be25ca49d7edd21f003659,7,attention_prefill,,1024,total,operator,92340224,2621440,1409/40,,,,2621440,3145728,192,0,0,1024,0,1024,,table_IIb/03_attention,table_IIb/03_attention/data/results.json,7f552ac50508897407e7856c96221a3a73e2ac28ff5629b512a9f35736875107,1,e0e1012922866def44382db5340c409bce49d90a85ab6f7642d96174d65e2cfa,/cases/30/result/operator
mimo_v25_pro/attention_prefill/1024,mimo_v25_pro,21d1ecfecd7bd70f31be25ca49d7edd21f003659,7,attention_prefill,,1024,QK,ports,113246208,1572864,72,1179648,"[1024,192]",8,1572864,2097152,128,,,,,,"{""valid_slice_N_K_per_head_per_token"":[[1,128],[1,64]],""logical_slice_write_events"":16384,""events_are_not_device_write_transactions"":true,""per_token_logical_slice_write_events"":16,""valid_write_bytes_per_token"":1536}",table_IIb/03_attention,table_IIb/03_attention/data/results.json,7f552ac50508897407e7856c96221a3a73e2ac28ff5629b512a9f35736875107,1,e0e1012922866def44382db5340c409bce49d90a85ab6f7642d96174d65e2cfa,/cases/30/result/parts/QK/ports
mimo_v25_pro/attention_prefill/1024,mimo_v25_pro,21d1ecfecd7bd70f31be25ca49d7edd21f003659,7,attention_prefill,,1024,QK,operator,25165824,1572864,16,,"[1024,192]",8,1572864,2097152,128,,,,,,"{""valid_slice_N_K_per_head_per_token"":[[1,128],[1,64]],""logical_slice_write_events"":16384,""events_are_not_device_write_transactions"":true,""per_token_logical_slice_write_events"":16,""valid_write_bytes_per_token"":1536}",table_IIb/03_attention,table_IIb/03_attention/data/results.json,7f552ac50508897407e7856c96221a3a73e2ac28ff5629b512a9f35736875107,1,e0e1012922866def44382db5340c409bce49d90a85ab6f7642d96174d65e2cfa,/cases/30/result/parts/QK/operator
mimo_v25_pro/attention_prefill/1024,mimo_v25_pro,21d1ecfecd7bd70f31be25ca49d7edd21f003659,7,attention_prefill,,1024,AV,ports,67174400,1048576,1025/16,589824,"[128,1024]",8,1048576,1048576,64,,,,,,"{""valid_slice_N_K_per_head_per_token"":[[128,1]],""logical_slice_write_events"":8192,""events_are_not_device_write_transactions"":true,""per_token_logical_slice_write_events"":8,""valid_write_bytes_per_token"":1024}",table_IIb/03_attention,table_IIb/03_attention/data/results.json,7f552ac50508897407e7856c96221a3a73e2ac28ff5629b512a9f35736875107,1,e0e1012922866def44382db5340c409bce49d90a85ab6f7642d96174d65e2cfa,/cases/30/result/parts/AV/ports
mimo_v25_pro/attention_prefill/1024,mimo_v25_pro,21d1ecfecd7bd70f31be25ca49d7edd21f003659,7,attention_prefill,,1024,AV,operator,67174400,1048576,1025/16,,"[128,1024]",8,1048576,1048576,64,,,,,,"{""valid_slice_N_K_per_head_per_token"":[[128,1]],""logical_slice_write_events"":8192,""events_are_not_device_write_transactions"":true,""per_token_logical_slice_write_events"":8,""valid_write_bytes_per_token"":1024}",table_IIb/03_attention,table_IIb/03_attention/data/results.json,7f552ac50508897407e7856c96221a3a73e2ac28ff5629b512a9f35736875107,1,e0e1012922866def44382db5340c409bce49d90a85ab6f7642d96174d65e2cfa,/cases/30/result/parts/AV/operator
mimo_v25_pro/attention_prefill/16384,mimo_v25_pro,21d1ecfecd7bd70f31be25ca49d7edd21f003659,7,attention_prefill,,16384,total,ports,43152048128,41943040,41153/40,405798912,,,41943040,50331648,3072,0,0,16384,0,16384,,table_IIb/03_attention,table_IIb/03_attention/data/results.json,7f552ac50508897407e7856c96221a3a73e2ac28ff5629b512a9f35736875107,1,e0e1012922866def44382db5340c409bce49d90a85ab6f7642d96174d65e2cfa,/cases/31/result/ports
mimo_v25_pro/attention_prefill/16384,mimo_v25_pro,21d1ecfecd7bd70f31be25ca49d7edd21f003659,7,attention_prefill,,16384,total,operator,17583570944,41943040,16769/40,,,,41943040,50331648,3072,0,0,16384,0,16384,,table_IIb/03_attention,table_IIb/03_attention/data/results.json,7f552ac50508897407e7856c96221a3a73e2ac28ff5629b512a9f35736875107,1,e0e1012922866def44382db5340c409bce49d90a85ab6f7642d96174d65e2cfa,/cases/31/result/operator
mimo_v25_pro/attention_prefill/16384,mimo_v25_pro,21d1ecfecd7bd70f31be25ca49d7edd21f003659,7,attention_prefill,,16384,QK,ports,25971130368,25165824,1032,270532608,"[16384,192]",8,25165824,33554432,2048,,,,,,"{""valid_slice_N_K_per_head_per_token"":[[1,128],[1,64]],""logical_slice_write_events"":262144,""events_are_not_device_write_transactions"":true,""per_token_logical_slice_write_events"":16,""valid_write_bytes_per_token"":1536}",table_IIb/03_attention,table_IIb/03_attention/data/results.json,7f552ac50508897407e7856c96221a3a73e2ac28ff5629b512a9f35736875107,1,e0e1012922866def44382db5340c409bce49d90a85ab6f7642d96174d65e2cfa,/cases/31/result/parts/QK/ports
mimo_v25_pro/attention_prefill/16384,mimo_v25_pro,21d1ecfecd7bd70f31be25ca49d7edd21f003659,7,attention_prefill,,16384,QK,operator,402653184,25165824,16,,"[16384,192]",8,25165824,33554432,2048,,,,,,"{""valid_slice_N_K_per_head_per_token"":[[1,128],[1,64]],""logical_slice_write_events"":262144,""events_are_not_device_write_transactions"":true,""per_token_logical_slice_write_events"":16,""valid_write_bytes_per_token"":1536}",table_IIb/03_attention,table_IIb/03_attention/data/results.json,7f552ac50508897407e7856c96221a3a73e2ac28ff5629b512a9f35736875107,1,e0e1012922866def44382db5340c409bce49d90a85ab6f7642d96174d65e2cfa,/cases/31/result/parts/QK/operator
mimo_v25_pro/attention_prefill/16384,mimo_v25_pro,21d1ecfecd7bd70f31be25ca49d7edd21f003659,7,attention_prefill,,16384,AV,ports,17180917760,16777216,16385/16,135266304,"[128,16384]",8,16777216,16777216,1024,,,,,,"{""valid_slice_N_K_per_head_per_token"":[[128,1]],""logical_slice_write_events"":131072,""events_are_not_device_write_transactions"":true,""per_token_logical_slice_write_events"":8,""valid_write_bytes_per_token"":1024}",table_IIb/03_attention,table_IIb/03_attention/data/results.json,7f552ac50508897407e7856c96221a3a73e2ac28ff5629b512a9f35736875107,1,e0e1012922866def44382db5340c409bce49d90a85ab6f7642d96174d65e2cfa,/cases/31/result/parts/AV/ports
mimo_v25_pro/attention_prefill/16384,mimo_v25_pro,21d1ecfecd7bd70f31be25ca49d7edd21f003659,7,attention_prefill,,16384,AV,operator,17180917760,16777216,16385/16,,"[128,16384]",8,16777216,16777216,1024,,,,,,"{""valid_slice_N_K_per_head_per_token"":[[128,1]],""logical_slice_write_events"":131072,""events_are_not_device_write_transactions"":true,""per_token_logical_slice_write_events"":8,""valid_write_bytes_per_token"":1024}",table_IIb/03_attention,table_IIb/03_attention/data/results.json,7f552ac50508897407e7856c96221a3a73e2ac28ff5629b512a9f35736875107,1,e0e1012922866def44382db5340c409bce49d90a85ab6f7642d96174d65e2cfa,/cases/31/result/parts/AV/operator
mimo_v25_pro/attention_prefill/131072,mimo_v25_pro,21d1ecfecd7bd70f31be25ca49d7edd21f003659,7,attention_prefill,,131072,total,ports,2750398070784,335544320,327873/40,25794969600,,,335544320,402653184,24576,0,0,131072,0,131072,,table_IIb/03_attention,table_IIb/03_attention/data/results.json,7f552ac50508897407e7856c96221a3a73e2ac28ff5629b512a9f35736875107,1,e0e1012922866def44382db5340c409bce49d90a85ab6f7642d96174d65e2cfa,/cases/32/result/ports
mimo_v25_pro/attention_prefill/131072,mimo_v25_pro,21d1ecfecd7bd70f31be25ca49d7edd21f003659,7,attention_prefill,,131072,total,operator,1102741241856,335544320,131457/40,,,,335544320,402653184,24576,0,0,131072,0,131072,,table_IIb/03_attention,table_IIb/03_attention/data/results.json,7f552ac50508897407e7856c96221a3a73e2ac28ff5629b512a9f35736875107,1,e0e1012922866def44382db5340c409bce49d90a85ab6f7642d96174d65e2cfa,/cases/32/result/operator
mimo_v25_pro/attention_prefill/131072,mimo_v25_pro,21d1ecfecd7bd70f31be25ca49d7edd21f003659,7,attention_prefill,,131072,QK,ports,1650878054400,201326592,8200,17196646400,"[131072,192]",8,201326592,268435456,16384,,,,,,"{""valid_slice_N_K_per_head_per_token"":[[1,128],[1,64]],""logical_slice_write_events"":2097152,""events_are_not_device_write_transactions"":true,""per_token_logical_slice_write_events"":16,""valid_write_bytes_per_token"":1536}",table_IIb/03_attention,table_IIb/03_attention/data/results.json,7f552ac50508897407e7856c96221a3a73e2ac28ff5629b512a9f35736875107,1,e0e1012922866def44382db5340c409bce49d90a85ab6f7642d96174d65e2cfa,/cases/32/result/parts/QK/ports
mimo_v25_pro/attention_prefill/131072,mimo_v25_pro,21d1ecfecd7bd70f31be25ca49d7edd21f003659,7,attention_prefill,,131072,QK,operator,3221225472,201326592,16,,"[131072,192]",8,201326592,268435456,16384,,,,,,"{""valid_slice_N_K_per_head_per_token"":[[1,128],[1,64]],""logical_slice_write_events"":2097152,""events_are_not_device_write_transactions"":true,""per_token_logical_slice_write_events"":16,""valid_write_bytes_per_token"":1536}",table_IIb/03_attention,table_IIb/03_attention/data/results.json,7f552ac50508897407e7856c96221a3a73e2ac28ff5629b512a9f35736875107,1,e0e1012922866def44382db5340c409bce49d90a85ab6f7642d96174d65e2cfa,/cases/32/result/parts/QK/operator
mimo_v25_pro/attention_prefill/131072,mimo_v25_pro,21d1ecfecd7bd70f31be25ca49d7edd21f003659,7,attention_prefill,,131072,AV,ports,1099520016384,134217728,131073/16,8598323200,"[128,131072]",8,134217728,134217728,8192,,,,,,"{""valid_slice_N_K_per_head_per_token"":[[128,1]],""logical_slice_write_events"":1048576,""events_are_not_device_write_transactions"":true,""per_token_logical_slice_write_events"":8,""valid_write_bytes_per_token"":1024}",table_IIb/03_attention,table_IIb/03_attention/data/results.json,7f552ac50508897407e7856c96221a3a73e2ac28ff5629b512a9f35736875107,1,e0e1012922866def44382db5340c409bce49d90a85ab6f7642d96174d65e2cfa,/cases/32/result/parts/AV/ports
mimo_v25_pro/attention_prefill/131072,mimo_v25_pro,21d1ecfecd7bd70f31be25ca49d7edd21f003659,7,attention_prefill,,131072,AV,operator,1099520016384,134217728,131073/16,,"[128,131072]",8,134217728,134217728,8192,,,,,,"{""valid_slice_N_K_per_head_per_token"":[[128,1]],""logical_slice_write_events"":1048576,""events_are_not_device_write_transactions"":true,""per_token_logical_slice_write_events"":8,""valid_write_bytes_per_token"":1024}",table_IIb/03_attention,table_IIb/03_attention/data/results.json,7f552ac50508897407e7856c96221a3a73e2ac28ff5629b512a9f35736875107,1,e0e1012922866def44382db5340c409bce49d90a85ab6f7642d96174d65e2cfa,/cases/32/result/parts/AV/operator
mimo_v25_pro/attention_decode/1024,mimo_v25_pro,21d1ecfecd7bd70f31be25ca49d7edd21f003659,7,attention_decode,,1024,total,ports,327680,2560,128,3072,,,2621440,3145728,192,0,1023,1024,2618880,1,,table_IIb/03_attention,table_IIb/03_attention/data/results.json,7f552ac50508897407e7856c96221a3a73e2ac28ff5629b512a9f35736875107,1,e0e1012922866def44382db5340c409bce49d90a85ab6f7642d96174d65e2cfa,/cases/33/result/ports
mimo_v25_pro/attention_decode/1024,mimo_v25_pro,21d1ecfecd7bd70f31be25ca49d7edd21f003659,7,attention_decode,,1024,total,operator,155648,2560,304/5,,,,2621440,3145728,192,0,1023,1024,2618880,1,,table_IIb/03_attention,table_IIb/03_attention/data/results.json,7f552ac50508897407e7856c96221a3a73e2ac28ff5629b512a9f35736875107,1,e0e1012922866def44382db5340c409bce49d90a85ab6f7642d96174d65e2cfa,/cases/33/result/operator
mimo_v25_pro/attention_decode/1024,mimo_v25_pro,21d1ecfecd7bd70f31be25ca49d7edd21f003659,7,attention_decode,,1024,QK,ports,196608,1536,128,2048,"[1024,192]",8,1572864,2097152,128,,,,,,"{""valid_slice_N_K_per_head_per_token"":[[1,128],[1,64]],""logical_slice_write_events"":16,""events_are_not_device_write_transactions"":true,""per_token_logical_slice_write_events"":16,""valid_write_bytes_per_token"":1536}",table_IIb/03_attention,table_IIb/03_attention/data/results.json,7f552ac50508897407e7856c96221a3a73e2ac28ff5629b512a9f35736875107,1,e0e1012922866def44382db5340c409bce49d90a85ab6f7642d96174d65e2cfa,/cases/33/result/parts/QK/ports
mimo_v25_pro/attention_decode/1024,mimo_v25_pro,21d1ecfecd7bd70f31be25ca49d7edd21f003659,7,attention_decode,,1024,QK,operator,24576,1536,16,,"[1024,192]",8,1572864,2097152,128,,,,,,"{""valid_slice_N_K_per_head_per_token"":[[1,128],[1,64]],""logical_slice_write_events"":16,""events_are_not_device_write_transactions"":true,""per_token_logical_slice_write_events"":16,""valid_write_bytes_per_token"":1536}",table_IIb/03_attention,table_IIb/03_attention/data/results.json,7f552ac50508897407e7856c96221a3a73e2ac28ff5629b512a9f35736875107,1,e0e1012922866def44382db5340c409bce49d90a85ab6f7642d96174d65e2cfa,/cases/33/result/parts/QK/operator
mimo_v25_pro/attention_decode/1024,mimo_v25_pro,21d1ecfecd7bd70f31be25ca49d7edd21f003659,7,attention_decode,,1024,AV,ports,131072,1024,128,1024,"[128,1024]",8,1048576,1048576,64,,,,,,"{""valid_slice_N_K_per_head_per_token"":[[128,1]],""logical_slice_write_events"":8,""events_are_not_device_write_transactions"":true,""per_token_logical_slice_write_events"":8,""valid_write_bytes_per_token"":1024}",table_IIb/03_attention,table_IIb/03_attention/data/results.json,7f552ac50508897407e7856c96221a3a73e2ac28ff5629b512a9f35736875107,1,e0e1012922866def44382db5340c409bce49d90a85ab6f7642d96174d65e2cfa,/cases/33/result/parts/AV/ports
mimo_v25_pro/attention_decode/1024,mimo_v25_pro,21d1ecfecd7bd70f31be25ca49d7edd21f003659,7,attention_decode,,1024,AV,operator,131072,1024,128,,"[128,1024]",8,1048576,1048576,64,,,,,,"{""valid_slice_N_K_per_head_per_token"":[[128,1]],""logical_slice_write_events"":8,""events_are_not_device_write_transactions"":true,""per_token_logical_slice_write_events"":8,""valid_write_bytes_per_token"":1024}",table_IIb/03_attention,table_IIb/03_attention/data/results.json,7f552ac50508897407e7856c96221a3a73e2ac28ff5629b512a9f35736875107,1,e0e1012922866def44382db5340c409bce49d90a85ab6f7642d96174d65e2cfa,/cases/33/result/parts/AV/operator
mimo_v25_pro/attention_decode/16384,mimo_v25_pro,21d1ecfecd7bd70f31be25ca49d7edd21f003659,7,attention_decode,,16384,total,ports,5242880,2560,2048,49152,,,41943040,50331648,3072,0,16383,16384,41940480,1,,table_IIb/03_attention,table_IIb/03_attention/data/results.json,7f552ac50508897407e7856c96221a3a73e2ac28ff5629b512a9f35736875107,1,e0e1012922866def44382db5340c409bce49d90a85ab6f7642d96174d65e2cfa,/cases/34/result/ports
mimo_v25_pro/attention_decode/16384,mimo_v25_pro,21d1ecfecd7bd70f31be25ca49d7edd21f003659,7,attention_decode,,16384,total,operator,2121728,2560,4144/5,,,,41943040,50331648,3072,0,16383,16384,41940480,1,,table_IIb/03_attention,table_IIb/03_attention/data/results.json,7f552ac50508897407e7856c96221a3a73e2ac28ff5629b512a9f35736875107,1,e0e1012922866def44382db5340c409bce49d90a85ab6f7642d96174d65e2cfa,/cases/34/result/operator
mimo_v25_pro/attention_decode/16384,mimo_v25_pro,21d1ecfecd7bd70f31be25ca49d7edd21f003659,7,attention_decode,,16384,QK,ports,3145728,1536,2048,32768,"[16384,192]",8,25165824,33554432,2048,,,,,,"{""valid_slice_N_K_per_head_per_token"":[[1,128],[1,64]],""logical_slice_write_events"":16,""events_are_not_device_write_transactions"":true,""per_token_logical_slice_write_events"":16,""valid_write_bytes_per_token"":1536}",table_IIb/03_attention,table_IIb/03_attention/data/results.json,7f552ac50508897407e7856c96221a3a73e2ac28ff5629b512a9f35736875107,1,e0e1012922866def44382db5340c409bce49d90a85ab6f7642d96174d65e2cfa,/cases/34/result/parts/QK/ports
mimo_v25_pro/attention_decode/16384,mimo_v25_pro,21d1ecfecd7bd70f31be25ca49d7edd21f003659,7,attention_decode,,16384,QK,operator,24576,1536,16,,"[16384,192]",8,25165824,33554432,2048,,,,,,"{""valid_slice_N_K_per_head_per_token"":[[1,128],[1,64]],""logical_slice_write_events"":16,""events_are_not_device_write_transactions"":true,""per_token_logical_slice_write_events"":16,""valid_write_bytes_per_token"":1536}",table_IIb/03_attention,table_IIb/03_attention/data/results.json,7f552ac50508897407e7856c96221a3a73e2ac28ff5629b512a9f35736875107,1,e0e1012922866def44382db5340c409bce49d90a85ab6f7642d96174d65e2cfa,/cases/34/result/parts/QK/operator
mimo_v25_pro/attention_decode/16384,mimo_v25_pro,21d1ecfecd7bd70f31be25ca49d7edd21f003659,7,attention_decode,,16384,AV,ports,2097152,1024,2048,16384,"[128,16384]",8,16777216,16777216,1024,,,,,,"{""valid_slice_N_K_per_head_per_token"":[[128,1]],""logical_slice_write_events"":8,""events_are_not_device_write_transactions"":true,""per_token_logical_slice_write_events"":8,""valid_write_bytes_per_token"":1024}",table_IIb/03_attention,table_IIb/03_attention/data/results.json,7f552ac50508897407e7856c96221a3a73e2ac28ff5629b512a9f35736875107,1,e0e1012922866def44382db5340c409bce49d90a85ab6f7642d96174d65e2cfa,/cases/34/result/parts/AV/ports
mimo_v25_pro/attention_decode/16384,mimo_v25_pro,21d1ecfecd7bd70f31be25ca49d7edd21f003659,7,attention_decode,,16384,AV,operator,2097152,1024,2048,,"[128,16384]",8,16777216,16777216,1024,,,,,,"{""valid_slice_N_K_per_head_per_token"":[[128,1]],""logical_slice_write_events"":8,""events_are_not_device_write_transactions"":true,""per_token_logical_slice_write_events"":8,""valid_write_bytes_per_token"":1024}",table_IIb/03_attention,table_IIb/03_attention/data/results.json,7f552ac50508897407e7856c96221a3a73e2ac28ff5629b512a9f35736875107,1,e0e1012922866def44382db5340c409bce49d90a85ab6f7642d96174d65e2cfa,/cases/34/result/parts/AV/operator
mimo_v25_pro/attention_decode/131072,mimo_v25_pro,21d1ecfecd7bd70f31be25ca49d7edd21f003659,7,attention_decode,,131072,total,ports,41943040,2560,16384,393216,,,335544320,402653184,24576,0,131071,131072,335541760,1,,table_IIb/03_attention,table_IIb/03_attention/data/results.json,7f552ac50508897407e7856c96221a3a73e2ac28ff5629b512a9f35736875107,1,e0e1012922866def44382db5340c409bce49d90a85ab6f7642d96174d65e2cfa,/cases/35/result/ports
mimo_v25_pro/attention_decode/131072,mimo_v25_pro,21d1ecfecd7bd70f31be25ca49d7edd21f003659,7,attention_decode,,131072,total,operator,16801792,2560,32816/5,,,,335544320,402653184,24576,0,131071,131072,335541760,1,,table_IIb/03_attention,table_IIb/03_attention/data/results.json,7f552ac50508897407e7856c96221a3a73e2ac28ff5629b512a9f35736875107,1,e0e1012922866def44382db5340c409bce49d90a85ab6f7642d96174d65e2cfa,/cases/35/result/operator
mimo_v25_pro/attention_decode/131072,mimo_v25_pro,21d1ecfecd7bd70f31be25ca49d7edd21f003659,7,attention_decode,,131072,QK,ports,25165824,1536,16384,262144,"[131072,192]",8,201326592,268435456,16384,,,,,,"{""valid_slice_N_K_per_head_per_token"":[[1,128],[1,64]],""logical_slice_write_events"":16,""events_are_not_device_write_transactions"":true,""per_token_logical_slice_write_events"":16,""valid_write_bytes_per_token"":1536}",table_IIb/03_attention,table_IIb/03_attention/data/results.json,7f552ac50508897407e7856c96221a3a73e2ac28ff5629b512a9f35736875107,1,e0e1012922866def44382db5340c409bce49d90a85ab6f7642d96174d65e2cfa,/cases/35/result/parts/QK/ports
mimo_v25_pro/attention_decode/131072,mimo_v25_pro,21d1ecfecd7bd70f31be25ca49d7edd21f003659,7,attention_decode,,131072,QK,operator,24576,1536,16,,"[131072,192]",8,201326592,268435456,16384,,,,,,"{""valid_slice_N_K_per_head_per_token"":[[1,128],[1,64]],""logical_slice_write_events"":16,""events_are_not_device_write_transactions"":true,""per_token_logical_slice_write_events"":16,""valid_write_bytes_per_token"":1536}",table_IIb/03_attention,table_IIb/03_attention/data/results.json,7f552ac50508897407e7856c96221a3a73e2ac28ff5629b512a9f35736875107,1,e0e1012922866def44382db5340c409bce49d90a85ab6f7642d96174d65e2cfa,/cases/35/result/parts/QK/operator
mimo_v25_pro/attention_decode/131072,mimo_v25_pro,21d1ecfecd7bd70f31be25ca49d7edd21f003659,7,attention_decode,,131072,AV,ports,16777216,1024,16384,131072,"[128,131072]",8,134217728,134217728,8192,,,,,,"{""valid_slice_N_K_per_head_per_token"":[[128,1]],""logical_slice_write_events"":8,""events_are_not_device_write_transactions"":true,""per_token_logical_slice_write_events"":8,""valid_write_bytes_per_token"":1024}",table_IIb/03_attention,table_IIb/03_attention/data/results.json,7f552ac50508897407e7856c96221a3a73e2ac28ff5629b512a9f35736875107,1,e0e1012922866def44382db5340c409bce49d90a85ab6f7642d96174d65e2cfa,/cases/35/result/parts/AV/ports
mimo_v25_pro/attention_decode/131072,mimo_v25_pro,21d1ecfecd7bd70f31be25ca49d7edd21f003659,7,attention_decode,,131072,AV,operator,16777216,1024,16384,,"[128,131072]",8,134217728,134217728,8192,,,,,,"{""valid_slice_N_K_per_head_per_token"":[[128,1]],""logical_slice_write_events"":8,""events_are_not_device_write_transactions"":true,""per_token_logical_slice_write_events"":8,""valid_write_bytes_per_token"":1024}",table_IIb/03_attention,table_IIb/03_attention/data/results.json,7f552ac50508897407e7856c96221a3a73e2ac28ff5629b512a9f35736875107,1,e0e1012922866def44382db5340c409bce49d90a85ab6f7642d96174d65e2cfa,/cases/35/result/parts/AV/operator
